/Users/jacklee/.codex/sessions/2026/02/27/rollout-2026-02-27T14-27-15-019c9dc7-b086-7421-b46f-a46e41347e1a.jsonl|1780573239|11512781
/Users/jacklee/.codex/sessions/2026/02/28/rollout-2026-02-28T11-23-34-019ca245-df09-7892-872b-90011b513cf4.jsonl|1780573239|13639525
/Users/jacklee/.codex/sessions/2026/02/28/rollout-2026-02-28T14-39-52-019ca2f9-9904-7d82-8cb7-97745cb88886.jsonl|1780573239|6297355
/Users/jacklee/.codex/sessions/2026/02/28/rollout-2026-02-28T19-31-49-019ca404-e0c1-78f3-a1e3-3cdb805b8cad.jsonl|1780573239|13925687
/Users/jacklee/.codex/sessions/2026/03/01/rollout-2026-03-01T17-44-53-019ca8c9-5814-7792-8b52-36e12b95d555.jsonl|1780573239|350480
/Users/jacklee/.codex/sessions/2026/03/01/rollout-2026-03-01T20-51-41-019ca974-5d04-74f3-b9ce-c4f69241ae66.jsonl|1780573239|11749764
/Users/jacklee/.codex/sessions/2026/03/03/rollout-2026-03-03T22-01-21-019cb400-dd7a-77a1-a545-b8672cbfa382.jsonl|1780573239|2419122
/Users/jacklee/.codex/sessions/2026/03/05/rollout-2026-03-05T13-23-19-019cbc73-4dc5-7802-acb6-e43d87ceee7a.jsonl|1780573239|7450575
/Users/jacklee/.codex/sessions/2026/03/06/rollout-2026-03-06T10-42-56-019cc106-d6e3-7ce2-b4e2-236b33eb87e9.jsonl|1780573239|14562809
/Users/jacklee/.codex/sessions/2026/03/06/rollout-2026-03-06T21-04-00-019cc33f-6ec9-7f73-a972-e6e7af6259c6.jsonl|1780573239|8990941
/Users/jacklee/.codex/sessions/2026/03/07/rollout-2026-03-07T01-01-32-019cc418-e902-7431-9e89-c9d59507eec2.jsonl|1780573239|3216179
/Users/jacklee/.codex/sessions/2026/03/07/rollout-2026-03-07T10-58-51-019cc63b-c314-71b2-b340-d1daf46e4916.jsonl|1780573239|35995
/Users/jacklee/.codex/sessions/2026/03/07/rollout-2026-03-07T11-43-49-019cc664-ee03-7d93-a833-17123cb7ab83.jsonl|1780573239|561239
/Users/jacklee/.codex/sessions/2026/03/08/rollout-2026-03-08T19-55-02-019ccd4d-0518-7241-9a3a-d63d74ab737f.jsonl|1780573239|26126378
/Users/jacklee/.codex/sessions/2026/03/08/rollout-2026-03-08T20-03-46-019ccd55-01b5-7003-b879-270202e876ea.jsonl|1780573239|51766
/Users/jacklee/.codex/sessions/2026/03/08/rollout-2026-03-08T20-20-08-019ccd63-fd74-7ce3-a5aa-1720df4ff484.jsonl|1780573239|124127
/Users/jacklee/.codex/sessions/2026/03/09/rollout-2026-03-09T00-32-32-019cce4b-128a-7943-804c-dc83dd6a6567.jsonl|1780573239|2010596
/Users/jacklee/.codex/sessions/2026/03/09/rollout-2026-03-09T01-06-39-019cce6a-4e56-72f2-a969-bdaddf6e77e1.jsonl|1780573239|5091947
/Users/jacklee/.codex/sessions/2026/03/09/rollout-2026-03-09T16-37-40-019cd1be-ac72-7eb0-85ba-c6f6a2b3bf14.jsonl|1780573239|13021469
/Users/jacklee/.codex/sessions/2026/03/09/rollout-2026-03-09T17-30-27-019cd1ef-0098-7e83-98a8-df7acd132266.jsonl|1780573239|912217
/Users/jacklee/.codex/sessions/2026/03/09/rollout-2026-03-09T19-15-10-019cd24e-e0f8-7e01-b311-52dc080827f8.jsonl|1780573239|1037707
/Users/jacklee/.codex/sessions/2026/03/09/rollout-2026-03-09T19-48-23-019cd26d-49d3-71b3-b068-ede2ddd76d60.jsonl|1780573240|29171518
/Users/jacklee/.codex/sessions/2026/03/10/rollout-2026-03-10T11-20-38-019cd5c2-cb48-7412-9ad2-61b1a39bfe9f.jsonl|1780573240|37676
/Users/jacklee/.codex/sessions/2026/03/10/rollout-2026-03-10T12-11-06-019cd5f0-fe76-7bd3-80a9-4e931d393a00.jsonl|1780573240|10041691
/Users/jacklee/.codex/sessions/2026/03/10/rollout-2026-03-10T12-33-13-019cd605-3b61-75c0-b3ff-7d8cc14d10fe.jsonl|1780573240|37161
/Users/jacklee/.codex/sessions/2026/03/10/rollout-2026-03-10T15-55-14-019cd6be-3074-7e50-9295-52b7c2d700b5.jsonl|1780573240|7367420
/Users/jacklee/.codex/sessions/2026/03/10/rollout-2026-03-10T16-04-18-019cd6c6-7ecc-7d82-8055-12bc9b283c43.jsonl|1780573240|24496
/Users/jacklee/.codex/sessions/2026/03/11/rollout-2026-03-11T17-03-56-019cdc23-72ba-7ba1-9248-1d0f13660150.jsonl|1780573240|40703569
/Users/jacklee/.codex/sessions/2026/03/11/rollout-2026-03-11T17-40-18-019cdc44-b740-7923-97a1-0898bf454dde.jsonl|1780573240|104433
/Users/jacklee/.codex/sessions/2026/03/11/rollout-2026-03-11T23-13-53-019cdd76-26c1-7553-9663-4608f0ab0b20.jsonl|1780573240|8526814
/Users/jacklee/.codex/sessions/2026/03/12/rollout-2026-03-12T10-36-34-019cdfe7-2a61-78d0-81dc-6b45a643f3a6.jsonl|1780573240|8772472
/Users/jacklee/.codex/sessions/2026/03/12/rollout-2026-03-12T13-43-33-019ce092-5a1e-7751-ab9b-8def23363f54.jsonl|1780573240|6604726
/Users/jacklee/.codex/sessions/2026/03/12/rollout-2026-03-12T19-45-26-019ce1dd-aa7b-7532-92a1-54a1afbf844e.jsonl|1780573240|1527930
/Users/jacklee/.codex/sessions/2026/03/13/rollout-2026-03-13T11-45-01-019ce54c-3004-7121-84a3-889d1441c989.jsonl|1780573240|5157827
/Users/jacklee/.codex/sessions/2026/03/13/rollout-2026-03-13T18-05-38-019ce6a8-a8e9-7050-af9c-8b7ca3250f4f.jsonl|1780573240|12612468
/Users/jacklee/.codex/sessions/2026/03/13/rollout-2026-03-13T23-04-04-019ce7b9-e235-7731-93d4-f4f9e2a54f6b.jsonl|1780573240|6259697
/Users/jacklee/.codex/sessions/2026/03/14/rollout-2026-03-14T02-10-04-019ce864-2b15-7a83-bdee-7822eabecc8f.jsonl|1780573240|1277697
/Users/jacklee/.codex/sessions/2026/03/14/rollout-2026-03-14T09-34-48-019ce9fb-533e-7ec0-b9e9-efbbcc2dfc60.jsonl|1780573240|1914273
/Users/jacklee/.codex/sessions/2026/03/14/rollout-2026-03-14T10-15-50-019cea20-e75b-7532-9d94-7525ddb59738.jsonl|1780573240|19261424
/Users/jacklee/.codex/sessions/2026/03/14/rollout-2026-03-14T10-23-43-019cea28-1e3e-76b3-a31a-f9e5180cd46f.jsonl|1780573240|1315616
/Users/jacklee/.codex/sessions/2026/03/14/rollout-2026-03-14T14-38-42-019ceb11-90ce-78f0-a6f2-84150c7c9134.jsonl|1780573240|6623444
/Users/jacklee/.codex/sessions/2026/03/14/rollout-2026-03-14T21-12-27-019cec7a-0e35-7713-ac2a-21f11c907bae.jsonl|1780573240|4341010
/Users/jacklee/.codex/sessions/2026/03/14/rollout-2026-03-14T22-48-49-019cecd2-45a2-7931-b60e-90710066e017.jsonl|1780573240|1205077
/Users/jacklee/.codex/sessions/2026/03/15/rollout-2026-03-15T00-35-45-019ced34-2d39-76b3-8718-7137def1db18.jsonl|1780573240|22862276
/Users/jacklee/.codex/sessions/2026/03/15/rollout-2026-03-15T10-08-52-019cef40-e058-7c01-8351-7d7e17b7ad94.jsonl|1780573240|2744341
/Users/jacklee/.codex/sessions/2026/03/15/rollout-2026-03-15T10-13-16-019cef44-e94f-7302-a199-0c36dcb8aed0.jsonl|1780573240|7435157
/Users/jacklee/.codex/sessions/2026/03/15/rollout-2026-03-15T14-55-58-019cf047-b874-7750-9c32-8d9aefc03330.jsonl|1780573240|38685
/Users/jacklee/.codex/sessions/2026/03/15/rollout-2026-03-15T15-17-13-019cf05b-2d14-7990-b0c6-2ab352822493.jsonl|1780573240|2932678
/Users/jacklee/.codex/sessions/2026/03/15/rollout-2026-03-15T16-05-05-019cf086-ffa3-7a73-a331-eb213afea7a3.jsonl|1780573240|6715440
/Users/jacklee/.codex/sessions/2026/03/15/rollout-2026-03-15T17-01-51-019cf0ba-fb0b-7082-a288-10a7a6906782.jsonl|1780573240|60009
/Users/jacklee/.codex/sessions/2026/03/15/rollout-2026-03-15T18-45-44-019cf11a-16eb-7101-816d-9322e37f3e60.jsonl|1780573240|584446
/Users/jacklee/.codex/sessions/2026/03/15/rollout-2026-03-15T19-07-22-019cf12d-e350-72e1-b4e3-a6d98658a5f3.jsonl|1780573240|109745
/Users/jacklee/.codex/sessions/2026/03/15/rollout-2026-03-15T21-32-26-019cf1b2-b3dc-7d22-9cc3-331d335daeeb.jsonl|1780573240|12876415
/Users/jacklee/.codex/sessions/2026/03/16/rollout-2026-03-16T10-12-44-019cf46a-c58f-7bd0-9ec5-319bbee37db5.jsonl|1780573240|7883553
/Users/jacklee/.codex/sessions/2026/03/16/rollout-2026-03-16T18-30-22-019cf632-5eb8-7630-a78d-6b9c211e5ef8.jsonl|1780573240|14260807
/Users/jacklee/.codex/sessions/2026/03/16/rollout-2026-03-16T21-05-42-019cf6c0-9648-78e1-a621-d1d21c2d94a0.jsonl|1780573240|16941953
/Users/jacklee/.codex/sessions/2026/03/16/rollout-2026-03-16T23-27-04-019cf742-0328-77e0-a6d3-c9571b1aa739.jsonl|1780573240|979199
/Users/jacklee/.codex/sessions/2026/03/17/rollout-2026-03-17T10-35-16-019cf9a5-c50c-7422-854f-5cf5ab59b0bc.jsonl|1780573240|12988166
/Users/jacklee/.codex/sessions/2026/03/17/rollout-2026-03-17T13-37-56-019cfa4d-0307-7b30-807e-9e75fef9866f.jsonl|1780573240|28874
/Users/jacklee/.codex/sessions/2026/03/17/rollout-2026-03-17T13-37-56-019cfa4d-0307-7e80-ae1f-292268088074.jsonl|1780573240|28874
/Users/jacklee/.codex/sessions/2026/03/17/rollout-2026-03-17T13-39-42-019cfa4e-9d4a-7222-8dd2-dcfe103bc86b.jsonl|1780573240|28874
/Users/jacklee/.codex/sessions/2026/03/17/rollout-2026-03-17T13-39-55-019cfa4e-d10f-7ef0-bea1-8ec18f8d97a5.jsonl|1780573240|28874
/Users/jacklee/.codex/sessions/2026/03/17/rollout-2026-03-17T14-12-03-019cfa6c-3cb2-78b0-ad48-52d889343ad6.jsonl|1780573240|19756652
/Users/jacklee/.codex/sessions/2026/03/17/rollout-2026-03-17T14-45-30-019cfa8a-dde9-75f3-9f5b-95fa4d576ad9.jsonl|1780573240|19278
/Users/jacklee/.codex/sessions/2026/03/17/rollout-2026-03-17T14-45-43-019cfa8b-103a-7241-bbac-1f9102ac8b51.jsonl|1780573240|19278
/Users/jacklee/.codex/sessions/2026/03/17/rollout-2026-03-17T21-11-21-019cfbec-1d2a-77a0-b29d-afda3e52e704.jsonl|1780573240|1100129
/Users/jacklee/.codex/sessions/2026/03/17/rollout-2026-03-17T21-58-16-019cfc17-13d4-7ec2-991d-25f00ce63e2d.jsonl|1780573240|767198
/Users/jacklee/.codex/sessions/2026/03/17/rollout-2026-03-17T22-00-38-019cfc19-3d7b-7f00-86ae-b75c22b3236a.jsonl|1780573240|15123
/Users/jacklee/.codex/sessions/2026/03/17/rollout-2026-03-17T22-14-43-019cfc26-2107-72c3-8c3c-15fb9f01faa8.jsonl|1780573240|397592
/Users/jacklee/.codex/sessions/2026/03/17/rollout-2026-03-17T22-40-52-019cfc3e-1251-7b13-89c5-d641256be9be.jsonl|1780573240|4907171
/Users/jacklee/.codex/sessions/2026/03/17/rollout-2026-03-17T22-51-02-019cfc47-614a-7231-aac0-9b33b04d3c1c.jsonl|1780573240|15123
/Users/jacklee/.codex/sessions/2026/03/17/rollout-2026-03-17T22-52-02-019cfc48-4e14-7c80-84f8-b3aa2bad868a.jsonl|1780573240|19278
/Users/jacklee/.codex/sessions/2026/03/18/rollout-2026-03-18T01-38-27-019cfce0-a884-7c70-b00e-524113522dab.jsonl|1780573240|19278
/Users/jacklee/.codex/sessions/2026/03/18/rollout-2026-03-18T01-38-36-019cfce0-c99b-7343-822c-a8aed6e9e8b6.jsonl|1780573240|19278
/Users/jacklee/.codex/sessions/2026/03/18/rollout-2026-03-18T01-53-24-019cfcee-587c-7042-8f6d-abe367513277.jsonl|1780573240|983122
/Users/jacklee/.codex/sessions/2026/03/18/rollout-2026-03-18T12-56-28-019cff4d-6777-74d3-8c5b-5188c0756a52.jsonl|1780573240|45784
/Users/jacklee/.codex/sessions/2026/03/18/rollout-2026-03-18T13-22-21-019cff65-16d2-7a42-a222-281b09a6d201.jsonl|1780573240|767858
/Users/jacklee/.codex/sessions/2026/03/18/rollout-2026-03-18T14-07-38-019cff8e-8c5c-7782-a7a8-98cf69f27a41.jsonl|1780573240|25903100
/Users/jacklee/.codex/sessions/2026/03/18/rollout-2026-03-18T14-56-50-019cffbb-98e9-7ae0-ad45-07ecbbf6498f.jsonl|1780573240|323801
/Users/jacklee/.codex/sessions/2026/03/18/rollout-2026-03-18T16-24-44-019d000c-12b9-75d0-ad63-2e14c811af3c.jsonl|1780573240|540016
/Users/jacklee/.codex/sessions/2026/03/18/rollout-2026-03-18T17-13-47-019d0038-fb04-7b22-8e5a-996a2784b9b0.jsonl|1780573240|15123
/Users/jacklee/.codex/sessions/2026/03/18/rollout-2026-03-18T17-14-00-019d0039-2c9b-75a3-ac1f-4381f31bf7c5.jsonl|1780573240|15123
/Users/jacklee/.codex/sessions/2026/03/18/rollout-2026-03-18T17-20-01-019d003e-af11-7781-a647-05a3c772514c.jsonl|1780573240|24719
/Users/jacklee/.codex/sessions/2026/03/18/rollout-2026-03-18T17-20-12-019d003e-dad5-7392-a3d3-a54fe24aabbd.jsonl|1780573240|24719
/Users/jacklee/.codex/sessions/2026/03/18/rollout-2026-03-18T17-25-23-019d0043-9acd-7c51-966b-243317d886cc.jsonl|1780573240|28874
/Users/jacklee/.codex/sessions/2026/03/18/rollout-2026-03-18T17-25-36-019d0043-cb42-7cf0-8182-472336b636d1.jsonl|1780573240|28874
/Users/jacklee/.codex/sessions/2026/03/18/rollout-2026-03-18T20-30-36-019d00ed-2a02-7111-a10d-5a606f789f20.jsonl|1780573240|2623630
/Users/jacklee/.codex/sessions/2026/03/18/rollout-2026-03-18T20-46-29-019d00fb-b4e7-7551-8d88-b8a217a12da8.jsonl|1780573240|4352106
/Users/jacklee/.codex/sessions/2026/03/19/rollout-2026-03-19T01-44-02-019d020c-226f-7fe2-ae6e-2d903690855e.jsonl|1780573240|28874
/Users/jacklee/.codex/sessions/2026/03/19/rollout-2026-03-19T08-42-07-019d038a-e5b5-70b0-b6ca-c03598ea5df1.jsonl|1780573240|26128688
/Users/jacklee/.codex/sessions/2026/03/19/rollout-2026-03-19T10-17-53-019d03e2-935c-72a2-8bf8-ed2ade8456ab.jsonl|1780573240|24719
/Users/jacklee/.codex/sessions/2026/03/19/rollout-2026-03-19T10-23-23-019d03e7-9b0d-7bc1-890e-51d406cf5ca9.jsonl|1780573240|24719
/Users/jacklee/.codex/sessions/2026/03/19/rollout-2026-03-19T10-25-53-019d03e9-e43d-7d73-95c7-4c32d96edeca.jsonl|1780573240|28874
/Users/jacklee/.codex/sessions/2026/03/19/rollout-2026-03-19T10-31-19-019d03ee-e042-70f0-90fe-7237b02ca197.jsonl|1780573240|28874
/Users/jacklee/.codex/sessions/2026/03/19/rollout-2026-03-19T19-35-39-019d05e1-3873-7333-93f9-9baa5c75ced1.jsonl|1780573240|859604
/Users/jacklee/.codex/sessions/2026/03/20/rollout-2026-03-20T00-26-16-019d06eb-48f1-7ec3-8a34-f8fc91764de7.jsonl|1780573240|1032007
/Users/jacklee/.codex/sessions/2026/03/21/rollout-2026-03-21T02-00-53-019d0c68-45f8-7e22-ba3b-02f07c446f54.jsonl|1780573240|24719
/Users/jacklee/.codex/sessions/2026/03/21/rollout-2026-03-21T10-08-49-019d0e26-fed6-7c61-bfac-6772ba95153a.jsonl|1780573240|15123
/Users/jacklee/.codex/sessions/2026/03/21/rollout-2026-03-21T10-09-02-019d0e27-30b3-7b42-a884-d2c7c40eadc5.jsonl|1780573240|15123
/Users/jacklee/.codex/sessions/2026/03/22/rollout-2026-03-22T16-14-51-019d149c-75ba-7461-95c3-52b013f4fa29.jsonl|1780573240|24719
/Users/jacklee/.codex/sessions/2026/03/23/rollout-2026-03-23T15-01-00-019d197f-34eb-7c30-9ca2-4324f18cd3c5.jsonl|1780573240|24719
/Users/jacklee/.codex/sessions/2026/03/23/rollout-2026-03-23T18-44-59-019d1a4c-46f1-7383-9e7e-70c1786f2c30.jsonl|1780573241|47825232
/Users/jacklee/.codex/sessions/2026/03/23/rollout-2026-03-23T18-45-47-019d1a4d-01dc-7233-983d-7e741e54422c.jsonl|1780573241|15123
/Users/jacklee/.codex/sessions/2026/03/23/rollout-2026-03-23T18-54-53-019d1a55-578b-7532-a714-084ac262f2c1.jsonl|1780573241|15123
/Users/jacklee/.codex/sessions/2026/03/23/rollout-2026-03-23T19-29-45-019d1a75-4156-7432-931e-d692cd27c782.jsonl|1780573241|15123
/Users/jacklee/.codex/sessions/2026/03/23/rollout-2026-03-23T20-04-35-019d1a95-252a-7133-94f2-490887513ea9.jsonl|1780573241|15123
/Users/jacklee/.codex/sessions/2026/03/23/rollout-2026-03-23T21-29-51-019d1ae3-3857-7600-9fb2-f60139124982.jsonl|1780573241|37965
/Users/jacklee/.codex/sessions/2026/03/23/rollout-2026-03-23T21-53-05-019d1af8-7cbc-7352-9540-c0b392204fb9.jsonl|1780573241|13404
/Users/jacklee/.codex/sessions/2026/03/23/rollout-2026-03-23T21-58-25-019d1afd-5cb8-7e40-b0b3-2f0bc7c5b98c.jsonl|1780573241|13404
/Users/jacklee/.codex/sessions/2026/03/23/rollout-2026-03-23T22-07-32-019d1b05-b862-7463-96fa-e53fa9fa41bd.jsonl|1780573241|13404
/Users/jacklee/.codex/sessions/2026/03/23/rollout-2026-03-23T22-15-10-019d1b0c-b3a5-7233-be69-a806ed1bd0cb.jsonl|1780573241|13404
/Users/jacklee/.codex/sessions/2026/03/23/rollout-2026-03-23T22-24-17-019d1b15-0d69-73f2-a3ac-799e069b81b7.jsonl|1780573241|13404
/Users/jacklee/.codex/sessions/2026/03/23/rollout-2026-03-23T22-31-15-019d1b1b-6c80-7ac3-9eb5-783e50759d60.jsonl|1780573241|13404
/Users/jacklee/.codex/sessions/2026/03/23/rollout-2026-03-23T22-54-36-019d1b30-ccf7-7bd3-a061-285553156678.jsonl|1780573241|24719
/Users/jacklee/.codex/sessions/2026/03/23/rollout-2026-03-23T22-54-36-019d1b30-cd09-7b43-addc-af01eb2e8838.jsonl|1780573241|24719
/Users/jacklee/.codex/sessions/2026/03/23/rollout-2026-03-23T23-36-10-019d1b56-dc50-7f70-9989-4e0f8f6b30ba.jsonl|1780573241|24719
/Users/jacklee/.codex/sessions/2026/03/24/rollout-2026-03-24T00-35-46-019d1b8d-6cf4-7951-8891-384f03d6be14.jsonl|1780573241|13404
/Users/jacklee/.codex/sessions/2026/03/24/rollout-2026-03-24T02-33-30-019d1bf9-3846-7273-8007-318c18cfdd04.jsonl|1780573241|24719
/Users/jacklee/.codex/sessions/2026/03/24/rollout-2026-03-24T09-46-03-019d1d85-3b13-7d32-9db2-1bc6659f30cb.jsonl|1780573241|13404
/Users/jacklee/.codex/sessions/2026/03/24/rollout-2026-03-24T11-29-56-019d1de4-562b-7310-a1a0-b6c2d3daf598.jsonl|1780573241|13404
/Users/jacklee/.codex/sessions/2026/03/24/rollout-2026-03-24T13-06-14-019d1e3c-8024-7b70-b20c-6e3bf21add4b.jsonl|1780573241|31182680
/Users/jacklee/.codex/sessions/2026/03/24/rollout-2026-03-24T15-11-45-019d1eaf-690a-7871-a09b-78b9e20a2457.jsonl|1780573241|24719
/Users/jacklee/.codex/sessions/2026/03/24/rollout-2026-03-24T16-45-57-019d1f05-a92b-72b3-b23c-856811ecbf01.jsonl|1780573241|13404
/Users/jacklee/.codex/sessions/2026/03/24/rollout-2026-03-24T17-16-01-019d1f21-2e6f-7331-ab80-834adcb0fa83.jsonl|1780573241|13404
/Users/jacklee/.codex/sessions/2026/03/24/rollout-2026-03-24T21-46-17-019d2018-9d3c-7690-b399-e95652caa1d6.jsonl|1780573241|4752849
/Users/jacklee/.codex/sessions/2026/03/25/rollout-2026-03-25T03-43-31-019d215f-adbf-7a92-aa91-fd810447c0ae.jsonl|1780573241|24719
/Users/jacklee/.codex/sessions/2026/03/25/rollout-2026-03-25T06-24-06-019d21f2-b06a-7813-b5cc-f98df2b47fb6.jsonl|1780573241|24719
/Users/jacklee/.codex/sessions/2026/03/25/rollout-2026-03-25T06-25-37-019d21f4-13dc-71a0-ae14-b877923a6b70.jsonl|1780573241|29553
/Users/jacklee/.codex/sessions/2026/03/25/rollout-2026-03-25T08-53-59-019d227b-e874-7740-a6b3-c45497b1ee5a.jsonl|1780573241|24719
/Users/jacklee/.codex/sessions/2026/03/25/rollout-2026-03-25T12-56-26-019d2359-e455-7681-b655-433034aa4620.jsonl|1780573241|1387633
/Users/jacklee/.codex/sessions/2026/03/25/rollout-2026-03-25T13-17-54-019d236d-89ab-7200-8a2c-78574c820d9e.jsonl|1780573241|593898
/Users/jacklee/.codex/sessions/2026/03/25/rollout-2026-03-25T14-49-41-019d23c1-9157-74b1-8aa7-e9bd50689c73.jsonl|1780573241|3506340
/Users/jacklee/.codex/sessions/2026/03/25/rollout-2026-03-25T14-55-36-019d23c6-fd16-7ca2-802a-6780421f8c13.jsonl|1780573241|19957
/Users/jacklee/.codex/sessions/2026/03/25/rollout-2026-03-25T15-49-15-019d23f8-1896-7211-9108-8518bc104969.jsonl|1780573241|29553
/Users/jacklee/.codex/sessions/2026/03/25/rollout-2026-03-25T16-54-02-019d2433-690a-7251-b222-b542416d69a5.jsonl|1780573241|74109
/Users/jacklee/.codex/sessions/2026/03/25/rollout-2026-03-25T16-55-39-019d2434-e59a-7291-a3d2-dad18ee7d563.jsonl|1780573241|1826793
/Users/jacklee/.codex/sessions/2026/03/25/rollout-2026-03-25T19-01-28-019d24a8-1580-7d30-b417-4bab4c06aa89.jsonl|1780573241|24719
/Users/jacklee/.codex/sessions/2026/03/25/rollout-2026-03-25T19-14-29-019d24b4-005e-7292-a9e7-58c47c0d08fd.jsonl|1780573241|15123
/Users/jacklee/.codex/sessions/2026/03/25/rollout-2026-03-25T19-14-39-019d24b4-26af-7e63-b627-3453be762356.jsonl|1780573241|19957
/Users/jacklee/.codex/sessions/2026/03/25/rollout-2026-03-25T22-26-27-019d2563-bf3f-7220-9a9a-6b2f977386c6.jsonl|1780573241|29553
/Users/jacklee/.codex/sessions/2026/03/25/rollout-2026-03-25T22-26-27-019d2563-bf69-70c0-964f-0923987d216a.jsonl|1780573241|29553
/Users/jacklee/.codex/sessions/2026/03/25/rollout-2026-03-25T22-26-40-019d2563-f1aa-7e60-b897-c68d48ec6a0c.jsonl|1780573241|29553
/Users/jacklee/.codex/sessions/2026/03/25/rollout-2026-03-25T22-26-52-019d2564-238b-7612-bb1a-de4ef7c54137.jsonl|1780573241|29553
/Users/jacklee/.codex/sessions/2026/03/25/rollout-2026-03-25T22-32-06-019d2568-eab8-79b0-889d-fb6078461301.jsonl|1780573241|29553
/Users/jacklee/.codex/sessions/2026/03/25/rollout-2026-03-25T22-32-06-019d2568-eb24-74b2-8d33-ce39f0d25c1d.jsonl|1780573241|29553
/Users/jacklee/.codex/sessions/2026/03/25/rollout-2026-03-25T22-32-19-019d2569-1e12-7f33-a9a0-52a10bb938a4.jsonl|1780573241|29553
/Users/jacklee/.codex/sessions/2026/03/25/rollout-2026-03-25T22-32-32-019d2569-505d-7ed2-92d4-bf05a7d41178.jsonl|1780573241|29553
/Users/jacklee/.codex/sessions/2026/03/26/rollout-2026-03-26T01-54-36-019d2622-5163-7911-ae83-d515356f09f7.jsonl|1780573241|29553
/Users/jacklee/.codex/sessions/2026/03/26/rollout-2026-03-26T01-54-36-019d2622-51c4-78b0-838e-32f68fbe6171.jsonl|1780573241|29553
/Users/jacklee/.codex/sessions/2026/03/26/rollout-2026-03-26T01-54-49-019d2622-850b-7b93-847d-058ef744c6df.jsonl|1780573241|29553
/Users/jacklee/.codex/sessions/2026/03/26/rollout-2026-03-26T01-55-02-019d2622-b6d9-7af0-a91d-9547a1feafe3.jsonl|1780573241|29553
/Users/jacklee/.codex/sessions/2026/03/26/rollout-2026-03-26T02-00-18-019d2627-8926-70b0-b8fb-64d3f3e16692.jsonl|1780573241|29553
/Users/jacklee/.codex/sessions/2026/03/26/rollout-2026-03-26T02-00-18-019d2627-8961-7301-9235-16dcadf4cfb2.jsonl|1780573241|29553
/Users/jacklee/.codex/sessions/2026/03/26/rollout-2026-03-26T02-00-31-019d2627-bbf1-72e2-90e3-878d7e7ba51a.jsonl|1780573241|29553
/Users/jacklee/.codex/sessions/2026/03/26/rollout-2026-03-26T02-00-44-019d2627-eeb5-7ca1-8ac4-4a6f87b8e361.jsonl|1780573241|29553
/Users/jacklee/.codex/sessions/2026/03/26/rollout-2026-03-26T02-06-00-019d262c-c0d9-7213-a00b-2596bd70a3c4.jsonl|1780573241|29553
/Users/jacklee/.codex/sessions/2026/03/26/rollout-2026-03-26T02-06-00-019d262c-c119-7922-a3d3-6cacab8aa4d1.jsonl|1780573241|29553
/Users/jacklee/.codex/sessions/2026/03/26/rollout-2026-03-26T02-06-13-019d262c-f35b-7e83-9fe5-f14c000ae6fd.jsonl|1780573241|29553
/Users/jacklee/.codex/sessions/2026/03/26/rollout-2026-03-26T02-06-26-019d262d-2764-7e90-948b-6aaf1fa26360.jsonl|1780573241|29553
/Users/jacklee/.codex/sessions/2026/03/26/rollout-2026-03-26T02-11-39-019d2631-ee60-7fe3-9f1c-8af471909860.jsonl|1780573241|29553
/Users/jacklee/.codex/sessions/2026/03/26/rollout-2026-03-26T02-11-39-019d2631-ef2d-7e52-839c-420f601acfec.jsonl|1780573241|29553
/Users/jacklee/.codex/sessions/2026/03/26/rollout-2026-03-26T02-11-52-019d2632-20ab-75e0-9b5f-301460827df6.jsonl|1780573241|29553
/Users/jacklee/.codex/sessions/2026/03/26/rollout-2026-03-26T02-12-05-019d2632-52ee-7e80-8a1d-b2c7a14c24b2.jsonl|1780573241|29553
/Users/jacklee/.codex/sessions/2026/03/26/rollout-2026-03-26T02-17-19-019d2637-1e5a-72f2-a106-d4c6725a0e47.jsonl|1780573241|29553
/Users/jacklee/.codex/sessions/2026/03/26/rollout-2026-03-26T02-17-19-019d2637-1e6d-77b0-bb7a-b7dd98d01622.jsonl|1780573241|29553
/Users/jacklee/.codex/sessions/2026/03/26/rollout-2026-03-26T02-17-32-019d2637-51f8-7341-9ed4-7822dbd3ffa7.jsonl|1780573241|29553
/Users/jacklee/.codex/sessions/2026/03/26/rollout-2026-03-26T02-17-45-019d2637-83e2-7f82-bf82-c639aa0970b7.jsonl|1780573241|29553
/Users/jacklee/.codex/sessions/2026/03/26/rollout-2026-03-26T02-23-00-019d263c-50ef-7852-aa01-7ece1ff24638.jsonl|1780573241|29553
/Users/jacklee/.codex/sessions/2026/03/26/rollout-2026-03-26T02-23-00-019d263c-51ad-7e63-bacd-444b12cad27e.jsonl|1780573241|29553
/Users/jacklee/.codex/sessions/2026/03/26/rollout-2026-03-26T02-23-13-019d263c-84c7-7d60-8171-153c108c9324.jsonl|1780573241|29553
/Users/jacklee/.codex/sessions/2026/03/26/rollout-2026-03-26T02-23-26-019d263c-b791-78f2-8177-0c725bfa1be1.jsonl|1780573241|29553
/Users/jacklee/.codex/sessions/2026/03/26/rollout-2026-03-26T02-28-40-019d2641-7ffd-79b0-9018-dd273ce10b87.jsonl|1780573241|29553
/Users/jacklee/.codex/sessions/2026/03/26/rollout-2026-03-26T02-28-40-019d2641-8088-74e1-8ded-48ce89193189.jsonl|1780573241|29553
/Users/jacklee/.codex/sessions/2026/03/26/rollout-2026-03-26T02-28-53-019d2641-b344-7ed0-8fee-3fa047b4a08f.jsonl|1780573241|29553
/Users/jacklee/.codex/sessions/2026/03/26/rollout-2026-03-26T02-29-05-019d2641-e51b-75c3-9bd0-8576bce87b04.jsonl|1780573241|29553
/Users/jacklee/.codex/sessions/2026/03/26/rollout-2026-03-26T02-34-21-019d2646-b53e-7d30-9e8d-7a8e1382d97f.jsonl|1780573241|29553
/Users/jacklee/.codex/sessions/2026/03/26/rollout-2026-03-26T02-34-21-019d2646-b552-7c61-b2c1-a9a473ca5f55.jsonl|1780573241|29553
/Users/jacklee/.codex/sessions/2026/03/26/rollout-2026-03-26T15-21-00-019d2904-9858-7fe3-994a-a800526e35a9.jsonl|1780573241|29553
/Users/jacklee/.codex/sessions/2026/03/26/rollout-2026-03-26T15-21-00-019d2904-9894-7be3-8b6a-d502f8c13339.jsonl|1780573241|29553
/Users/jacklee/.codex/sessions/2026/03/26/rollout-2026-03-26T15-40-00-019d2915-ffd7-7182-a189-d07804285f19.jsonl|1780573241|24719
/Users/jacklee/.codex/sessions/2026/03/26/rollout-2026-03-26T15-57-20-019d2925-dcd2-74b2-ac0b-0604e93e1bec.jsonl|1780573241|24719
/Users/jacklee/.codex/sessions/2026/03/26/rollout-2026-03-26T15-57-30-019d2926-026d-76e0-8b29-b99842d5dd99.jsonl|1780573241|24719
/Users/jacklee/.codex/sessions/2026/03/26/rollout-2026-03-26T18-00-30-019d2996-a0c2-7d02-976f-2159c82be9bd.jsonl|1780573241|24719
/Users/jacklee/.codex/sessions/2026/03/26/rollout-2026-03-26T18-59-49-019d29cc-ed17-7351-aae0-b0382cbb4553.jsonl|1780573241|24719
/Users/jacklee/.codex/sessions/2026/03/26/rollout-2026-03-26T18-59-59-019d29cd-1678-7e31-b115-3d5db0b71d0e.jsonl|1780573241|24719
/Users/jacklee/.codex/sessions/2026/03/27/rollout-2026-03-27T11-06-14-019d2d41-b77f-79c1-9ead-62b5b56502e6.jsonl|1780573241|1888676
/Users/jacklee/.codex/sessions/2026/03/27/rollout-2026-03-27T11-20-54-019d2d4f-2285-7d73-b806-dfd6c6f998ae.jsonl|1780573241|6396597
/Users/jacklee/.codex/sessions/2026/03/27/rollout-2026-03-27T14-08-04-019d2de8-2ece-74b2-a2b6-7271eb158a90.jsonl|1780573241|35795279
/Users/jacklee/.codex/sessions/2026/03/27/rollout-2026-03-27T16-02-01-019d2e50-8248-7501-9c9f-7886264cf50c.jsonl|1780573241|2826535
/Users/jacklee/.codex/sessions/2026/03/27/rollout-2026-03-27T17-21-51-019d2e99-9ac5-7e93-aeda-fe8601cb5a60.jsonl|1780573241|1049981
/Users/jacklee/.codex/sessions/2026/03/27/rollout-2026-03-27T18-01-51-019d2ebe-394d-7b93-ac20-ce865dfc381d.jsonl|1780573241|8971774
/Users/jacklee/.codex/sessions/2026/03/27/rollout-2026-03-27T19-01-55-019d2ef5-3742-75e1-89d7-db58059b2742.jsonl|1780573241|342657
/Users/jacklee/.codex/sessions/2026/03/27/rollout-2026-03-27T22-48-29-019d2fc4-a466-7c42-9125-b42254a98508.jsonl|1780573241|8976791
/Users/jacklee/.codex/sessions/2026/03/27/rollout-2026-03-27T23-04-52-019d2fd3-a3d8-7c01-9542-281a517017ca.jsonl|1780573241|1742205
/Users/jacklee/.codex/sessions/2026/03/28/rollout-2026-03-28T00-06-03-019d300b-a90d-7340-879a-4c2f1ec9d92f.jsonl|1780573241|11570516
/Users/jacklee/.codex/sessions/2026/03/28/rollout-2026-03-28T10-37-06-019d324d-6778-71e3-b9ca-5e8ecdedcee3.jsonl|1780573241|708462
/Users/jacklee/.codex/sessions/2026/03/28/rollout-2026-03-28T12-19-31-019d32ab-2aab-72c1-9b18-244baee5580d.jsonl|1780573241|24719
/Users/jacklee/.codex/sessions/2026/03/28/rollout-2026-03-28T13-48-03-019d32fc-37cf-7e01-9d99-c87569440364.jsonl|1780573241|30582
/Users/jacklee/.codex/sessions/2026/03/28/rollout-2026-03-28T13-48-15-019d32fc-65a8-7922-86e8-443d461e05d8.jsonl|1780573241|30582
/Users/jacklee/.codex/sessions/2026/03/28/rollout-2026-03-28T14-09-17-019d330f-aa10-7c53-a679-0e16ea16e75c.jsonl|1780573241|6175951
/Users/jacklee/.codex/sessions/2026/03/31/rollout-2026-03-31T00-00-48-019d3f79-ec16-71c3-80e5-7e8a0d4a48c1.jsonl|1780573241|24719
/Users/jacklee/.codex/sessions/2026/03/31/rollout-2026-03-31T12-12-55-019d4218-34dc-78d0-9d30-8c9f486400bf.jsonl|1780573241|245041
/Users/jacklee/.codex/sessions/2026/03/31/rollout-2026-03-31T15-39-33-019d42d5-5f66-78a2-bd4d-83dd06a65ee7.jsonl|1780573241|30582
/Users/jacklee/.codex/sessions/2026/03/31/rollout-2026-03-31T15-39-33-019d42d5-5fd1-7b30-b20b-2af0eace4a35.jsonl|1780573241|30582
/Users/jacklee/.codex/sessions/2026/03/31/rollout-2026-03-31T16-44-47-019d4311-1833-7743-9b44-3e0cdd1011fa.jsonl|1780573241|123937
/Users/jacklee/.codex/sessions/2026/04/01/rollout-2026-04-01T04-33-41-019d459a-201e-7610-99bf-3e3bc7e69a44.jsonl|1780573241|30582
/Users/jacklee/.codex/sessions/2026/04/01/rollout-2026-04-01T12-34-19-019d4752-2751-73b3-b947-b37cfd82d229.jsonl|1780573241|24719
/Users/jacklee/.codex/sessions/2026/04/01/rollout-2026-04-01T16-01-37-019d480f-f071-71d0-b9aa-8bd1677770fb.jsonl|1780573241|7324184
/Users/jacklee/.codex/sessions/2026/04/01/rollout-2026-04-01T16-17-26-019d481e-6d89-7682-a19a-ad5145327804.jsonl|1780573241|20986
/Users/jacklee/.codex/sessions/2026/04/01/rollout-2026-04-01T16-17-39-019d481e-9ec4-78f1-a7d5-b8e0a8ea6f22.jsonl|1780573241|20986
/Users/jacklee/.codex/sessions/2026/04/01/rollout-2026-04-01T17-50-48-019d4873-e5b1-7f80-87c8-c3bacb099631.jsonl|1780573241|1574749
/Users/jacklee/.codex/sessions/2026/04/01/rollout-2026-04-01T22-27-28-019d4971-3292-7a83-84aa-79b5672b5ba2.jsonl|1780573241|30582
/Users/jacklee/.codex/sessions/2026/04/02/rollout-2026-04-02T10-35-43-019d4c0b-ec87-7862-8adf-b6bb3356c712.jsonl|1780573241|20986
/Users/jacklee/.codex/sessions/2026/04/02/rollout-2026-04-02T10-35-43-019d4c0b-ee21-7fe2-9c8c-80bb7df19b92.jsonl|1780573241|20986
/Users/jacklee/.codex/sessions/2026/04/02/rollout-2026-04-02T10-36-00-019d4c0c-2e98-71b0-b652-acaedb0a8ccf.jsonl|1780573241|20986
/Users/jacklee/.codex/sessions/2026/04/02/rollout-2026-04-02T10-36-12-019d4c0c-60c2-7a33-8b59-1fe19870b9ce.jsonl|1780573241|20986
/Users/jacklee/.codex/sessions/2026/04/02/rollout-2026-04-02T13-18-15-019d4ca0-bd8c-7c31-9cf6-cd9dbcd8e2a0.jsonl|1780573241|30582
/Users/jacklee/.codex/sessions/2026/04/02/rollout-2026-04-02T13-18-27-019d4ca0-e953-7043-9825-315a9994cf99.jsonl|1780573241|30582
/Users/jacklee/.codex/sessions/2026/04/02/rollout-2026-04-02T16-31-55-019d4d52-097b-74d0-bf08-3b5576d18bf6.jsonl|1780573241|20986
/Users/jacklee/.codex/sessions/2026/04/02/rollout-2026-04-02T20-12-18-019d4e1b-cd94-71f0-85b4-d96da0b0b314.jsonl|1775131938|0
/Users/jacklee/.codex/sessions/2026/04/03/rollout-2026-04-03T00-30-19-019d4f08-06d2-7201-b70d-a3a12af731e0.jsonl|1780573241|184129
/Users/jacklee/.codex/sessions/2026/04/03/rollout-2026-04-03T12-05-43-019d5184-af89-71a1-9788-0a63c09651f8.jsonl|1780573241|941128
/Users/jacklee/.codex/sessions/2026/04/05/rollout-2026-04-05T10-41-10-019d5b83-ff18-7713-8779-bf20bb0cda39.jsonl|1780573241|7976
/Users/jacklee/.codex/sessions/2026/04/05/rollout-2026-04-05T13-06-10-019d5c08-bf39-7ba2-ad8a-26f19931e65e.jsonl|1780573241|61952
/Users/jacklee/.codex/sessions/2026/04/05/rollout-2026-04-05T13-11-48-019d5c0d-e9f1-7792-b060-1fe5e3fb4688.jsonl|1780573241|53906
/Users/jacklee/.codex/sessions/2026/04/06/rollout-2026-04-06T16-13-04-019d61da-39d5-7da1-9897-6e2b807ed35e.jsonl|1780573241|85900
/Users/jacklee/.codex/sessions/2026/04/08/rollout-2026-04-08T14-50-26-019d6bdb-4876-7911-821b-9bbc2c706f1b.jsonl|1780573241|5812305
/Users/jacklee/.codex/sessions/2026/04/09/rollout-2026-04-09T13-18-15-019d70ad-4139-71a2-8a19-888c347a5136.jsonl|1780573241|5560136
/Users/jacklee/.codex/sessions/2026/04/09/rollout-2026-04-09T15-20-01-019d711c-bc46-7013-a022-c5d037e57d8c.jsonl|1780573241|2849066
/Users/jacklee/.codex/sessions/2026/04/09/rollout-2026-04-09T22-03-11-019d728d-d86d-7001-bf70-f5e838ea4ac6.jsonl|1780573241|5339537
/Users/jacklee/.codex/sessions/2026/04/10/rollout-2026-04-10T10-11-20-019d7528-7bba-7f12-a26f-dce7be52b162.jsonl|1780573241|4652565
/Users/jacklee/.codex/sessions/2026/04/10/rollout-2026-04-10T14-51-40-019d7629-23f0-7993-a332-650475d25d3b.jsonl|1780573241|9717165
/Users/jacklee/.codex/sessions/2026/04/11/rollout-2026-04-11T11-11-45-019d7a86-284b-7481-87de-0415c44416a0.jsonl|1780573241|7773025
/Users/jacklee/.codex/sessions/2026/04/15/rollout-2026-04-15T10-06-47-019d8ee4-1e1d-7130-8f9e-08476385e546.jsonl|1780573241|2779900
/Users/jacklee/.codex/sessions/2026/04/15/rollout-2026-04-15T20-51-01-019d9131-ee44-7982-a779-2da615350b9c.jsonl|1780573241|476736
/Users/jacklee/.codex/sessions/2026/04/15/rollout-2026-04-15T21-21-03-019d914d-6b20-7db3-b073-1531ec20de18.jsonl|1780573241|5179756
/Users/jacklee/.codex/sessions/2026/04/16/rollout-2026-04-16T17-23-45-019d959a-88c0-7b22-96c1-c38413f58bcc.jsonl|1780573241|6108360
/Users/jacklee/.codex/sessions/2026/04/19/rollout-2026-04-19T10-30-02-019da392-d643-7cd1-8121-3efa02d00468.jsonl|1780573241|495874
/Users/jacklee/.codex/sessions/2026/04/19/rollout-2026-04-19T10-30-39-019da393-679c-72e3-bfc7-ced0b785562f.jsonl|1780573241|400692
/Users/jacklee/.codex/sessions/2026/04/19/rollout-2026-04-19T13-07-00-019da422-8a3a-7783-b899-2dd3c60cf257.jsonl|1780573241|5307917
/Users/jacklee/.codex/sessions/2026/04/19/rollout-2026-04-19T13-07-37-019da423-1d52-7ea3-9b04-002d8d2089f7.jsonl|1780573241|442112
/Users/jacklee/.codex/sessions/2026/04/19/rollout-2026-04-19T17-18-09-019da508-78ef-7663-86c4-58f29fc7dfcd.jsonl|1780573241|2896228
/Users/jacklee/.codex/sessions/2026/04/19/rollout-2026-04-19T17-18-51-019da509-1e3e-7323-8bf6-d6e234cf3db3.jsonl|1780573241|483855
/Users/jacklee/.codex/sessions/2026/04/19/rollout-2026-04-19T21-09-01-019da5db-d760-7581-84dc-6773004c4946.jsonl|1780573241|3039057
/Users/jacklee/.codex/sessions/2026/04/19/rollout-2026-04-19T21-09-43-019da5dc-7b11-7ce0-837e-3d9e1ce6f3c1.jsonl|1780573241|433569
/Users/jacklee/.codex/sessions/2026/04/20/rollout-2026-04-20T10-08-07-019da8a5-1f74-7bc3-a9d3-22e3b9facd1c.jsonl|1780573241|386555
/Users/jacklee/.codex/sessions/2026/04/20/rollout-2026-04-20T14-24-40-019da990-0263-7e90-9c1f-1b738071dbfd.jsonl|1780573241|2450580
/Users/jacklee/.codex/sessions/2026/04/20/rollout-2026-04-20T21-51-31-019dab29-1d0e-79c3-b8a1-457bf191a557.jsonl|1780573241|268657
/Users/jacklee/.codex/sessions/2026/04/20/rollout-2026-04-20T21-52-03-019dab29-992f-78d2-bac0-c11cddff228a.jsonl|1780573241|463116
/Users/jacklee/.codex/sessions/2026/04/20/rollout-2026-04-20T22-20-01-019dab43-3474-78c3-b080-9009838bd2e0.jsonl|1780573241|8175258
/Users/jacklee/.codex/sessions/2026/04/21/rollout-2026-04-21T01-40-49-019dabfb-0a88-76d2-b96f-2c1b3d315257.jsonl|1780573241|467288
/Users/jacklee/.codex/sessions/2026/04/21/rollout-2026-04-21T09-36-01-019dadae-19e1-77a0-90ec-38f994ecd38c.jsonl|1780573241|7375550
/Users/jacklee/.codex/sessions/2026/04/21/rollout-2026-04-21T16-15-58-019daf1c-456f-7183-a568-b021f977f0d8.jsonl|1780573241|10649453
/Users/jacklee/.codex/sessions/2026/04/21/rollout-2026-04-21T21-20-47-019db033-53fb-7be1-8209-de4e6e7fbc8e.jsonl|1780573241|5922003
/Users/jacklee/.codex/sessions/2026/04/22/rollout-2026-04-22T10-59-52-019db321-392b-7572-bab2-71c3a50bf50d.jsonl|1780573241|4103715
/Users/jacklee/.codex/sessions/2026/04/22/rollout-2026-04-22T12-42-29-019db37f-2c2f-7061-bb36-9d10257f2818.jsonl|1780573241|832089
/Users/jacklee/.codex/sessions/2026/04/22/rollout-2026-04-22T20-13-56-019db51c-7ebf-7bc3-9698-fb36147079aa.jsonl|1780573241|4566303
/Users/jacklee/.codex/sessions/2026/04/23/rollout-2026-04-23T10-26-08-019db828-b3a0-7402-a380-14b1f6e7782a.jsonl|1780573241|83376
/Users/jacklee/.codex/sessions/2026/04/23/rollout-2026-04-23T13-10-01-019db8be-bd2d-7071-b704-c7d271431898.jsonl|1780573241|864540
/Users/jacklee/.codex/sessions/2026/04/23/rollout-2026-04-23T15-06-14-019db929-261d-7d61-9b8d-35a91d5ae18d.jsonl|1780573241|2211571
/Users/jacklee/.codex/sessions/2026/04/24/rollout-2026-04-24T11-34-14-019dbd8d-6864-7d41-af54-ec1b82991d24.jsonl|1780573241|4434690
/Users/jacklee/.codex/sessions/2026/04/24/rollout-2026-04-24T14-46-41-019dbe3d-9ba4-7fb0-b4b1-1d8f4c6ed5c2.jsonl|1780573241|1276433
/Users/jacklee/.codex/sessions/2026/04/24/rollout-2026-04-24T21-30-41-019dbfaf-78bb-7e10-bf22-102b4320b06c.jsonl|1780573241|1381178
/Users/jacklee/.codex/sessions/2026/04/25/rollout-2026-04-25T10-12-37-019dc269-0b11-7740-8f0e-e3e8eab93249.jsonl|1780573241|6702927
/Users/jacklee/.codex/sessions/2026/04/25/rollout-2026-04-25T13-44-02-019dc32a-9bd5-7771-b994-cd20dd668165.jsonl|1780573241|45348
/Users/jacklee/.codex/sessions/2026/04/25/rollout-2026-04-25T13-45-35-019dc32c-0725-70b2-9ef7-69936477a8c5.jsonl|1780573241|43188
/Users/jacklee/.codex/sessions/2026/04/25/rollout-2026-04-25T16-10-25-019dc3b0-9fbb-7363-a01e-088ecdfdde64.jsonl|1780573241|1786620
/Users/jacklee/.codex/sessions/2026/04/25/rollout-2026-04-25T18-14-03-019dc421-d07e-7413-a388-14e6a4edb445.jsonl|1780573241|495394
/Users/jacklee/.codex/sessions/2026/04/25/rollout-2026-04-25T20-05-05-019dc487-761f-7553-8eef-a99e60ffc34c.jsonl|1780573241|951806
/Users/jacklee/.codex/sessions/2026/04/26/rollout-2026-04-26T17-38-16-019dc927-6991-7500-a418-e5f480baa427.jsonl|1780573241|1640110
/Users/jacklee/.codex/sessions/2026/04/27/rollout-2026-04-27T15-48-14-019dcde9-0956-7412-8ccb-f1f62212e3d0.jsonl|1780573241|1527482
/Users/jacklee/.codex/sessions/2026/04/27/rollout-2026-04-27T17-23-12-019dce3f-f988-7ea3-ae6b-b61b7d36ee55.jsonl|1780573241|1075622
/Users/jacklee/.codex/sessions/2026/04/27/rollout-2026-04-27T20-43-35-019dcef7-6fa6-7dd0-b630-7a97af9a3cfa.jsonl|1780573241|1958994
/Users/jacklee/.codex/sessions/2026/04/28/rollout-2026-04-28T11-39-42-019dd22b-d8b8-7c12-9fd7-704596d4f9e8.jsonl|1780573241|1091291
/Users/jacklee/.codex/sessions/2026/04/28/rollout-2026-04-28T22-00-40-019dd464-5e49-7ed3-b970-f70a396f77e8.jsonl|1780573241|58527
/Users/jacklee/.codex/sessions/2026/04/28/rollout-2026-04-28T22-01-15-019dd464-e69b-7713-9e3c-dca3b2f114a4.jsonl|1780573241|58527
/Users/jacklee/.codex/sessions/2026/04/28/rollout-2026-04-28T22-14-56-019dd471-6d30-7b10-ad83-bda3451e4741.jsonl|1780573241|60838
/Users/jacklee/.codex/sessions/2026/04/28/rollout-2026-04-28T22-34-35-019dd483-6b9a-78f2-8842-66a4f728e98c.jsonl|1780573241|1228754
/Users/jacklee/.codex/sessions/2026/04/29/rollout-2026-04-29T00-27-10-019dd4ea-7b40-7e32-ab6c-3834b6983c29.jsonl|1780573241|1455079
/Users/jacklee/.codex/sessions/2026/04/29/rollout-2026-04-29T09-21-03-019dd6d3-4535-7d43-bd7e-ca74dc47578e.jsonl|1780573241|674266
/Users/jacklee/.codex/sessions/2026/04/29/rollout-2026-04-29T09-27-10-019dd6d8-de80-7952-baf5-a57eb92eb335.jsonl|1780573241|3507556
/Users/jacklee/.codex/sessions/2026/04/29/rollout-2026-04-29T16-10-40-019dd84a-4899-79e0-959b-91c451ddb032.jsonl|1780573241|3101448
/Users/jacklee/.codex/sessions/2026/04/29/rollout-2026-04-29T17-33-24-019dd896-081a-79b0-9a92-f0e26a885632.jsonl|1780573241|1708152
/Users/jacklee/.codex/sessions/2026/04/29/rollout-2026-04-29T20-32-01-019dd939-9070-77d3-84b7-ec3ca1e3bc11.jsonl|1780573241|44913
/Users/jacklee/.codex/sessions/2026/04/29/rollout-2026-04-29T20-34-55-019dd93c-376f-7442-8c03-d8e42cd79787.jsonl|1780573241|44891
/Users/jacklee/.codex/sessions/2026/04/29/rollout-2026-04-29T21-40-38-019dd978-6395-7c01-a124-fc665d2f2247.jsonl|1780573241|48940
/Users/jacklee/.codex/sessions/2026/04/29/rollout-2026-04-29T22-18-19-019dd99a-e04e-7c02-afd4-4fbf06d6987f.jsonl|1780573241|4596126
/Users/jacklee/.codex/sessions/2026/04/30/rollout-2026-04-30T12-47-39-019ddcb6-c975-7aa0-857b-e0fe8bcabdc6.jsonl|1780573241|2363564
/Users/jacklee/.codex/sessions/2026/04/30/rollout-2026-04-30T19-40-19-019dde30-96e1-72c0-8b4e-481f181d9855.jsonl|1780573241|46049
/Users/jacklee/.codex/sessions/2026/05/01/rollout-2026-05-01T11-45-11-019de1a3-f16c-7561-bd91-c29cc3dfdfe9.jsonl|1780573241|46335
/Users/jacklee/.codex/sessions/2026/05/01/rollout-2026-05-01T13-32-53-019de206-8c30-7020-baea-fa727ae7214a.jsonl|1780573241|70690
/Users/jacklee/.codex/sessions/2026/05/01/rollout-2026-05-01T13-33-24-019de207-056f-7912-88e7-493eeb18caab.jsonl|1780573241|46267
/Users/jacklee/.codex/sessions/2026/05/01/rollout-2026-05-01T20-03-09-019de36b-da32-78e1-a992-43ef0661817c.jsonl|1777636993|0
/Users/jacklee/.codex/sessions/2026/05/01/rollout-2026-05-01T22-33-32-019de3f5-8960-7811-842e-9da9dbe026c5.jsonl|1780573241|51375
/Users/jacklee/.codex/sessions/2026/05/01/rollout-2026-05-01T23-02-15-019de40f-d30b-79a3-82d2-a303dc5bf76c.jsonl|1780573241|169136
/Users/jacklee/.codex/sessions/2026/05/01/rollout-2026-05-01T23-59-57-019de444-a543-7240-8c62-38154c47c84a.jsonl|1780573241|60411
/Users/jacklee/.codex/sessions/2026/05/02/rollout-2026-05-02T00-37-45-019de467-4188-7323-bf9f-72d6f4b23878.jsonl|1780573241|1927433
/Users/jacklee/.codex/sessions/2026/05/02/rollout-2026-05-02T15-24-18-019de792-e935-7872-83e1-a401b2c01e48.jsonl|1780573241|93189
/Users/jacklee/.codex/sessions/2026/05/02/rollout-2026-05-02T15-56-57-019de7b0-d07a-7e42-8a09-a7e90f70e464.jsonl|1780573241|186293
/Users/jacklee/.codex/sessions/2026/05/02/rollout-2026-05-02T18-23-06-019de836-9b34-7f00-9c8e-279f054779a8.jsonl|1780573241|1972711
/Users/jacklee/.codex/sessions/2026/05/02/rollout-2026-05-02T18-32-54-019de83f-9571-7c33-804d-235b3f763293.jsonl|1780573241|163787
/Users/jacklee/.codex/sessions/2026/05/02/rollout-2026-05-02T18-32-54-019de83f-960f-7f91-b1d0-7d073a428e68.jsonl|1780573241|24519
/Users/jacklee/.codex/sessions/2026/05/02/rollout-2026-05-02T18-32-54-019de83f-970e-7210-a3f1-68af7dca8246.jsonl|1780573241|26429
/Users/jacklee/.codex/sessions/2026/05/02/rollout-2026-05-02T18-32-55-019de83f-9791-77c1-b720-8b9ccc16b547.jsonl|1780573241|26429
/Users/jacklee/.codex/sessions/2026/05/02/rollout-2026-05-02T18-32-55-019de83f-984a-73b1-80b1-d2ddd350209d.jsonl|1780573241|24815
/Users/jacklee/.codex/sessions/2026/05/02/rollout-2026-05-02T18-32-55-019de83f-9911-7120-914f-ae849122c057.jsonl|1780573241|23673
/Users/jacklee/.codex/sessions/2026/05/02/rollout-2026-05-02T18-32-55-019de83f-997d-7ed0-8160-62c272c8f202.jsonl|1780573241|23696
/Users/jacklee/.codex/sessions/2026/05/02/rollout-2026-05-02T18-32-55-019de83f-9a80-7e81-992e-8cfb8739ae47.jsonl|1780573241|24912
/Users/jacklee/.codex/sessions/2026/05/02/rollout-2026-05-02T18-32-56-019de83f-9baf-7600-918c-7f24adee5362.jsonl|1780573241|24821
/Users/jacklee/.codex/sessions/2026/05/02/rollout-2026-05-02T18-32-56-019de83f-9c6a-7190-b18b-f625a6198548.jsonl|1780573241|23873
/Users/jacklee/.codex/sessions/2026/05/02/rollout-2026-05-02T18-32-56-019de83f-9e43-7fc3-b357-f05cab61de15.jsonl|1780573241|23673
/Users/jacklee/.codex/sessions/2026/05/02/rollout-2026-05-02T18-32-57-019de83f-9f8e-7c01-a94e-822323bc8150.jsonl|1780573241|23696
/Users/jacklee/.codex/sessions/2026/05/02/rollout-2026-05-02T18-32-57-019de83f-a0b7-72a1-8430-7d8500ccb8db.jsonl|1780573241|24906
/Users/jacklee/.codex/sessions/2026/05/02/rollout-2026-05-02T18-32-57-019de83f-a246-7630-b293-a0b44c7ae91b.jsonl|1780573241|23873
/Users/jacklee/.codex/sessions/2026/05/02/rollout-2026-05-02T18-32-58-019de83f-a374-7773-90f3-fcc2c52b6025.jsonl|1780573241|698326
/Users/jacklee/.codex/sessions/2026/05/02/rollout-2026-05-02T18-32-58-019de83f-a6a7-7662-b414-9e8c0d4d8c84.jsonl|1780573241|94114
/Users/jacklee/.codex/sessions/2026/05/02/rollout-2026-05-02T18-32-59-019de83f-a90f-7030-bc45-636986ae8c8d.jsonl|1780573241|618466
/Users/jacklee/.codex/sessions/2026/05/02/rollout-2026-05-02T18-33-00-019de83f-abc2-7bb2-9777-41f61b15c1b7.jsonl|1780573241|388578
/Users/jacklee/.codex/sessions/2026/05/02/rollout-2026-05-02T18-33-00-019de83f-ae56-7051-826d-f3b1ba69b7aa.jsonl|1780573241|211639
/Users/jacklee/.codex/sessions/2026/05/02/rollout-2026-05-02T18-33-01-019de83f-b028-7c43-a9fa-e25f75f07b79.jsonl|1780573241|491371
/Users/jacklee/.codex/sessions/2026/05/02/rollout-2026-05-02T18-33-02-019de83f-b46b-7f63-b4e7-2011c2e3caf3.jsonl|1780573241|40104
/Users/jacklee/.codex/sessions/2026/05/02/rollout-2026-05-02T18-33-04-019de83f-b9de-7be0-8be1-89b8fdabe5ff.jsonl|1780573241|1551659
/Users/jacklee/.codex/sessions/2026/05/02/rollout-2026-05-02T18-33-12-019de83f-dc9c-7420-99b7-0c9d08455ca1.jsonl|1780573241|27944
/Users/jacklee/.codex/sessions/2026/05/02/rollout-2026-05-02T18-33-15-019de83f-e49b-7302-8b64-dcd3713fe525.jsonl|1780573241|26020
/Users/jacklee/.codex/sessions/2026/05/02/rollout-2026-05-02T18-33-17-019de83f-ee5f-7851-ad85-256c1321d600.jsonl|1780573241|365634
/Users/jacklee/.codex/sessions/2026/05/02/rollout-2026-05-02T18-33-22-019de840-017e-7931-bc70-5f1fdb78ffae.jsonl|1780573241|26429
/Users/jacklee/.codex/sessions/2026/05/02/rollout-2026-05-02T18-33-24-019de840-09b5-7f13-aa26-acd1a5bfd9fc.jsonl|1780573241|26000
/Users/jacklee/.codex/sessions/2026/05/02/rollout-2026-05-02T18-33-25-019de840-0e02-7e82-a081-1472b4f0f36b.jsonl|1780573241|23673
/Users/jacklee/.codex/sessions/2026/05/02/rollout-2026-05-02T18-33-26-019de840-1141-7313-ad82-1076516a51ad.jsonl|1780573241|23696
/Users/jacklee/.codex/sessions/2026/05/02/rollout-2026-05-02T18-33-26-019de840-12ba-7872-8948-e28dce13b808.jsonl|1780573241|24906
/Users/jacklee/.codex/sessions/2026/05/02/rollout-2026-05-02T18-33-26-019de840-13c9-72c0-bba5-79218a04b0fb.jsonl|1780573241|23873
/Users/jacklee/.codex/sessions/2026/05/02/rollout-2026-05-02T18-33-27-019de840-1596-7e53-bb69-b589b2c83448.jsonl|1780573241|26429
/Users/jacklee/.codex/sessions/2026/05/02/rollout-2026-05-02T18-33-27-019de840-175a-76f0-8535-eb721af99023.jsonl|1780573241|24824
/Users/jacklee/.codex/sessions/2026/05/02/rollout-2026-05-02T18-33-27-019de840-1869-7151-af12-6133676fa776.jsonl|1780573241|23673
/Users/jacklee/.codex/sessions/2026/05/02/rollout-2026-05-02T18-33-28-019de840-192e-73c2-8357-9656ba63cfe3.jsonl|1780573241|23696
/Users/jacklee/.codex/sessions/2026/05/02/rollout-2026-05-02T18-33-28-019de840-19fa-7190-9606-924bb268e402.jsonl|1780573241|24912
/Users/jacklee/.codex/sessions/2026/05/02/rollout-2026-05-02T18-33-28-019de840-1bf8-7510-ad6f-9ecc7c401fbb.jsonl|1780573241|23873
/Users/jacklee/.codex/sessions/2026/05/02/rollout-2026-05-02T18-33-29-019de840-1daf-72a3-b779-126da199ccc3.jsonl|1780573241|82376
/Users/jacklee/.codex/sessions/2026/05/02/rollout-2026-05-02T18-33-29-019de840-2024-77f3-a9eb-530345b95b56.jsonl|1780573241|1021549
/Users/jacklee/.codex/sessions/2026/05/02/rollout-2026-05-02T18-33-31-019de840-241e-7b50-86b3-686599f0a4eb.jsonl|1780573241|32201
/Users/jacklee/.codex/sessions/2026/05/02/rollout-2026-05-02T18-33-31-019de840-25aa-7c51-ba57-59e758854c5b.jsonl|1780573241|110232
/Users/jacklee/.codex/sessions/2026/05/02/rollout-2026-05-02T18-33-31-019de840-2714-7381-b1f2-12cca2023b45.jsonl|1780573241|571077
/Users/jacklee/.codex/sessions/2026/05/02/rollout-2026-05-02T18-33-32-019de840-2936-7be2-9805-f5162cd21348.jsonl|1780573241|26547
/Users/jacklee/.codex/sessions/2026/05/02/rollout-2026-05-02T18-33-32-019de840-2a02-7281-ba6a-eb8a5ec50ce5.jsonl|1780573241|24866
/Users/jacklee/.codex/sessions/2026/05/02/rollout-2026-05-02T18-33-32-019de840-2b30-7952-b1cd-1de6bd3f8408.jsonl|1780573241|23673
/Users/jacklee/.codex/sessions/2026/05/02/rollout-2026-05-02T18-33-32-019de840-2be7-73e1-93b7-7c0d6398e76a.jsonl|1780573241|23696
/Users/jacklee/.codex/sessions/2026/05/02/rollout-2026-05-02T18-33-33-019de840-2d1a-7022-a13c-db06d287a1af.jsonl|1780573241|24906
/Users/jacklee/.codex/sessions/2026/05/02/rollout-2026-05-02T18-33-33-019de840-2f5d-7fe0-9b90-c07ba5a9a3bb.jsonl|1780573241|23873
/Users/jacklee/.codex/sessions/2026/05/02/rollout-2026-05-02T18-33-34-019de840-3269-7510-acae-3b97977ecbb1.jsonl|1780573241|26493
/Users/jacklee/.codex/sessions/2026/05/02/rollout-2026-05-02T18-33-35-019de840-3554-7112-ba89-5228c12d8a80.jsonl|1780573241|26541
/Users/jacklee/.codex/sessions/2026/05/02/rollout-2026-05-02T20-27-39-019de8a8-a4fc-7200-b9b1-4ef2c7e5332b.jsonl|1780573241|126894
/Users/jacklee/.codex/sessions/2026/05/02/rollout-2026-05-02T23-33-01-019de952-58b1-7171-b320-868656a94bb9.jsonl|1780573241|339675
/Users/jacklee/.codex/sessions/2026/05/02/rollout-2026-05-02T23-46-29-019de95e-ac42-7cf0-8143-1a2c72773f55.jsonl|1780573241|2349133
/Users/jacklee/.codex/sessions/2026/05/03/rollout-2026-05-03T01-21-05-019de9b5-4bba-7221-a1ad-8e5f1fdf52cb.jsonl|1780573241|1156024
/Users/jacklee/.codex/sessions/2026/05/03/rollout-2026-05-03T10-24-14-019deba6-8ced-7951-b319-9e341fefa155.jsonl|1780573241|2356155
/Users/jacklee/.codex/sessions/2026/05/03/rollout-2026-05-03T10-48-35-019debbc-d974-73a1-a7b3-6f2a129aeb08.jsonl|1780573241|509981
/Users/jacklee/.codex/sessions/2026/05/03/rollout-2026-05-03T12-54-23-019dec30-05a9-77a3-b977-f24956d9054f.jsonl|1780573241|650662
/Users/jacklee/.codex/sessions/2026/05/03/rollout-2026-05-03T13-27-56-019dec4e-bd80-79a0-ad07-af69775ac7ab.jsonl|1780573241|1296037
/Users/jacklee/.codex/sessions/2026/05/03/rollout-2026-05-03T15-36-58-019decc4-df31-7d12-ab97-4b6af47ce07f.jsonl|1780573241|418393
/Users/jacklee/.codex/sessions/2026/05/03/rollout-2026-05-03T17-05-14-019ded15-ad29-7e23-b02a-90353b797029.jsonl|1780573241|2337609
/Users/jacklee/.codex/sessions/2026/05/03/rollout-2026-05-03T20-37-34-019dedd8-1486-7a60-a3b2-793f47dcfca9.jsonl|1780573241|2174114
/Users/jacklee/.codex/sessions/2026/05/03/rollout-2026-05-03T22-53-35-019dee54-9be4-71b2-a717-35c6c689665e.jsonl|1780573241|2422058
/Users/jacklee/.codex/sessions/2026/05/04/rollout-2026-05-04T01-28-02-019deee2-00cc-7830-b368-bef85be8e574.jsonl|1780573241|80491
/Users/jacklee/.codex/sessions/2026/05/04/rollout-2026-05-04T01-32-15-019deee5-dd01-7bc0-8a0c-3aba5edab698.jsonl|1780573241|80491
/Users/jacklee/.codex/sessions/2026/05/04/rollout-2026-05-04T10-42-32-019df0dd-ab8f-73e3-a7d1-a439b4dc90df.jsonl|1780573241|79240
/Users/jacklee/.codex/sessions/2026/05/04/rollout-2026-05-04T19-05-07-019df2a9-cbe6-75f1-8ffc-cc5d83e207ae.jsonl|1780573241|11735498
/Users/jacklee/.codex/sessions/2026/05/04/rollout-2026-05-04T23-14-18-019df38d-ef12-7422-8e40-fea5bc4cee57.jsonl|1780573241|9064280
/Users/jacklee/.codex/sessions/2026/05/05/rollout-2026-05-05T10-31-06-019df5f9-90ff-75a3-857a-657aca77dc59.jsonl|1780573241|3237214
/Users/jacklee/.codex/sessions/2026/05/05/rollout-2026-05-05T11-40-23-019df638-fd9b-7002-b7fd-1292fa113830.jsonl|1780573241|372061
/Users/jacklee/.codex/sessions/2026/05/05/rollout-2026-05-05T14-29-11-019df6d3-8934-7753-87c7-b34c633a3811.jsonl|1780573241|359247
/Users/jacklee/.codex/sessions/2026/05/05/rollout-2026-05-05T14-49-49-019df6e6-6e7d-75b3-901f-4da3ed94b671.jsonl|1780573241|1488673
/Users/jacklee/.codex/sessions/2026/05/05/rollout-2026-05-05T16-54-53-019df758-ecad-7ea3-8a3b-40c43c902557.jsonl|1780573241|177112
/Users/jacklee/.codex/sessions/2026/05/05/rollout-2026-05-05T18-09-53-019df79d-986e-7970-84dc-a2da8144808a.jsonl|1780573241|2872442
/Users/jacklee/.codex/sessions/2026/05/05/rollout-2026-05-05T21-57-54-019df86e-57f9-7cf2-bbd7-6adbb285bed3.jsonl|1780573241|75772
/Users/jacklee/.codex/sessions/2026/05/05/rollout-2026-05-05T21-58-45-019df86f-2130-7fa3-93e1-8c8396c99814.jsonl|1780573241|75898
/Users/jacklee/.codex/sessions/2026/05/05/rollout-2026-05-05T21-58-47-019df86f-2757-7bb2-90f9-0b681511da68.jsonl|1780573241|75801
/Users/jacklee/.codex/sessions/2026/05/05/rollout-2026-05-05T21-59-34-019df86f-dec2-7552-a172-695f378fbf69.jsonl|1780573241|78677
/Users/jacklee/.codex/sessions/2026/05/06/rollout-2026-05-06T11-24-47-019dfb51-1130-70f1-bfe8-fd51c57fa34b.jsonl|1780573241|3835323
/Users/jacklee/.codex/sessions/2026/05/06/rollout-2026-05-06T13-04-01-019dfbab-ebb2-7fb0-861c-e6d61fab322b.jsonl|1780573241|712299
/Users/jacklee/.codex/sessions/2026/05/06/rollout-2026-05-06T13-38-42-019dfbcb-ab56-7122-9759-599f2cd3e70b.jsonl|1780573241|571095
/Users/jacklee/.codex/sessions/2026/05/06/rollout-2026-05-06T14-02-19-019dfbe1-4a54-7e82-a71f-a7d4a184fb61.jsonl|1780573241|646330
/Users/jacklee/.codex/sessions/2026/05/06/rollout-2026-05-06T16-43-45-019dfc75-16eb-7da1-98a7-f622dbf8861a.jsonl|1780573241|3268906
/Users/jacklee/.codex/sessions/2026/05/06/rollout-2026-05-06T16-57-32-019dfc81-b4cd-7db2-bd64-8d33209b5d04.jsonl|1780573241|1639219
/Users/jacklee/.codex/sessions/2026/05/06/rollout-2026-05-06T19-38-30-019dfd15-167f-7d01-9f61-0d35d116f92e.jsonl|1780573241|313476
/Users/jacklee/.codex/sessions/2026/05/06/rollout-2026-05-06T23-50-49-019dfdfc-167e-7e20-8aa8-d4baec5244b2.jsonl|1780573241|799271
/Users/jacklee/.codex/sessions/2026/05/07/rollout-2026-05-07T00-21-10-019dfe17-df84-7bb1-aa35-af7b750b83f8.jsonl|1780573241|251184
/Users/jacklee/.codex/sessions/2026/05/07/rollout-2026-05-07T00-36-51-019dfe26-3a93-7663-be24-0178f5f59f51.jsonl|1780573241|2628183
/Users/jacklee/.codex/sessions/2026/05/07/rollout-2026-05-07T12-31-14-019e00b4-432c-7c00-817a-85c371bf77e8.jsonl|1780573241|1950897
/Users/jacklee/.codex/sessions/2026/05/07/rollout-2026-05-07T13-19-25-019e00e0-5f53-7e01-905f-14e73317ef27.jsonl|1780573241|3566172
/Users/jacklee/.codex/sessions/2026/05/07/rollout-2026-05-07T15-40-18-019e0161-5e81-75d1-a36b-6e1ca28b15d7.jsonl|1780573241|3126506
/Users/jacklee/.codex/sessions/2026/05/07/rollout-2026-05-07T16-22-50-019e0188-4e67-75a0-9ef8-b50f797d54fe.jsonl|1780573241|180193
/Users/jacklee/.codex/sessions/2026/05/07/rollout-2026-05-07T16-23-17-019e0188-b6ab-7281-acad-40d7dc01e024.jsonl|1780573241|194086
/Users/jacklee/.codex/sessions/2026/05/07/rollout-2026-05-07T16-23-50-019e0189-36ea-7f32-944f-4a6395c65c6a.jsonl|1780573241|167570
/Users/jacklee/.codex/sessions/2026/05/07/rollout-2026-05-07T16-24-24-019e0189-bda9-7032-8e63-4ee2e8f9c75e.jsonl|1780573241|265030
/Users/jacklee/.codex/sessions/2026/05/07/rollout-2026-05-07T16-31-26-019e0190-2cb1-75b2-9d39-6fd637485b8b.jsonl|1780573241|314294
/Users/jacklee/.codex/sessions/2026/05/07/rollout-2026-05-07T16-31-26-019e0190-2d1d-7ba0-b23f-ef8732bd79e4.jsonl|1780573241|209249
/Users/jacklee/.codex/sessions/2026/05/07/rollout-2026-05-07T16-50-06-019e01a1-457c-79a1-a522-274d237106c5.jsonl|1780573241|170176
/Users/jacklee/.codex/sessions/2026/05/07/rollout-2026-05-07T16-50-07-019e01a1-4608-7bf3-9bf7-af9d9590eaff.jsonl|1780573241|418481
/Users/jacklee/.codex/sessions/2026/05/07/rollout-2026-05-07T17-03-46-019e01ad-c6f6-7dd2-b722-d42d8f0d0fd7.jsonl|1780573241|95805
/Users/jacklee/.codex/sessions/2026/05/07/rollout-2026-05-07T17-03-46-019e01ad-c77a-7da2-af54-2fd4b3f8269d.jsonl|1780573241|149348
/Users/jacklee/.codex/sessions/2026/05/07/rollout-2026-05-07T17-40-54-019e01cf-c58a-72c2-a88a-f47fbcd582a3.jsonl|1780573241|164831
/Users/jacklee/.codex/sessions/2026/05/07/rollout-2026-05-07T17-48-02-019e01d6-4cc7-76e3-8220-532cf5f0d3e6.jsonl|1780573241|268970
/Users/jacklee/.codex/sessions/2026/05/07/rollout-2026-05-07T17-48-02-019e01d6-4d66-72a0-a842-aaa366cc7b64.jsonl|1780573241|156528
/Users/jacklee/.codex/sessions/2026/05/07/rollout-2026-05-07T18-01-03-019e01e2-371a-7c23-8c9a-8b4a819437b6.jsonl|1780573241|135581
/Users/jacklee/.codex/sessions/2026/05/07/rollout-2026-05-07T18-01-03-019e01e2-37a6-7b70-b953-ed28b417c623.jsonl|1780573241|511109
/Users/jacklee/.codex/sessions/2026/05/07/rollout-2026-05-07T19-37-00-019e023a-1219-7fc2-8933-6191a97c0cb3.jsonl|1780573241|328595
/Users/jacklee/.codex/sessions/2026/05/07/rollout-2026-05-07T20-09-52-019e0258-2a42-7981-8ead-fbae183d76d6.jsonl|1780573241|5411351
/Users/jacklee/.codex/sessions/2026/05/07/rollout-2026-05-07T21-55-53-019e02b9-37b6-7b40-97dd-0ffdd42102e3.jsonl|1780573241|187353
/Users/jacklee/.codex/sessions/2026/05/07/rollout-2026-05-07T21-56-02-019e02b9-5a6b-75c1-9b33-96db20811bb8.jsonl|1780573241|216685
/Users/jacklee/.codex/sessions/2026/05/07/rollout-2026-05-07T21-56-09-019e02b9-780c-7ce2-9e2a-c395e94a2d68.jsonl|1780573241|115951
/Users/jacklee/.codex/sessions/2026/05/07/rollout-2026-05-07T21-56-20-019e02b9-9f61-7993-9c6e-9b323587a456.jsonl|1780573241|119905
/Users/jacklee/.codex/sessions/2026/05/07/rollout-2026-05-07T21-56-31-019e02b9-cb83-7d40-9a42-a0c4caffd127.jsonl|1780573241|147662
/Users/jacklee/.codex/sessions/2026/05/08/rollout-2026-05-08T01-00-42-019e0362-6b4e-76f2-90c1-81c19d439ec4.jsonl|1780573241|3707437
/Users/jacklee/.codex/sessions/2026/05/08/rollout-2026-05-08T11-36-53-019e05a8-ddaf-7cf3-bbc8-5cd7809e6d22.jsonl|1780573241|786128
/Users/jacklee/.codex/sessions/2026/05/08/rollout-2026-05-08T13-32-37-019e0612-d4a8-7b11-8265-3f63a47c30ee.jsonl|1780573241|2388451
/Users/jacklee/.codex/sessions/2026/05/08/rollout-2026-05-08T14-28-39-019e0646-2026-73e0-a4fe-68435934aace.jsonl|1780573241|89257
/Users/jacklee/.codex/sessions/2026/05/08/rollout-2026-05-08T17-04-56-019e06d5-347a-7d03-87f4-770ce37713ac.jsonl|1780573241|10863950
/Users/jacklee/.codex/sessions/2026/05/08/rollout-2026-05-08T21-39-09-019e07d0-42aa-7b42-904c-d03fe9042841.jsonl|1780573241|4579673
/Users/jacklee/.codex/sessions/2026/05/09/rollout-2026-05-09T00-38-20-019e0874-4f6c-7f40-9d4b-9e6d3098bf2a.jsonl|1780573241|90431
/Users/jacklee/.codex/sessions/2026/05/09/rollout-2026-05-09T00-41-07-019e0876-da5b-7cb1-8f75-4c9758be8576.jsonl|1780573241|2249924
/Users/jacklee/.codex/sessions/2026/05/09/rollout-2026-05-09T01-04-59-019e088c-b4d3-79b2-a8f6-97836fa275a6.jsonl|1780573241|45212
/Users/jacklee/.codex/sessions/2026/05/09/rollout-2026-05-09T11-03-22-019e0ab0-896e-7b82-97ff-93b645f54a90.jsonl|1780573241|382269
/Users/jacklee/.codex/sessions/2026/05/09/rollout-2026-05-09T11-03-32-019e0ab0-b0d1-7593-8996-ff1e021b4710.jsonl|1780573241|226890
/Users/jacklee/.codex/sessions/2026/05/09/rollout-2026-05-09T11-03-44-019e0ab0-e0f8-7763-b822-8125f897084d.jsonl|1780573241|412013
/Users/jacklee/.codex/sessions/2026/05/09/rollout-2026-05-09T11-51-53-019e0adc-f43c-7a20-a4ec-02be2b007adc.jsonl|1780573241|460879
/Users/jacklee/.codex/sessions/2026/05/09/rollout-2026-05-09T15-01-35-019e0b8a-a12e-7982-8248-19b822a7deec.jsonl|1780573241|1857028
/Users/jacklee/.codex/sessions/2026/05/09/rollout-2026-05-09T18-29-49-019e0c49-47d5-7212-bca0-8b12aa1e77c2.jsonl|1780573241|1673097
/Users/jacklee/.codex/sessions/2026/05/09/rollout-2026-05-09T21-40-02-019e0cf7-6f21-7693-989e-1dbc46272d7f.jsonl|1780573241|105637
/Users/jacklee/.codex/sessions/2026/05/09/rollout-2026-05-09T22-27-36-019e0d22-f9ff-7d70-b799-a6291871ed04.jsonl|1780573241|2182638
/Users/jacklee/.codex/sessions/2026/05/10/rollout-2026-05-10T00-24-59-019e0d8e-70c7-71a0-8c16-7f752df35afc.jsonl|1780573241|884973
/Users/jacklee/.codex/sessions/2026/05/10/rollout-2026-05-10T01-02-04-019e0db0-6587-7722-854b-1f108baabadb.jsonl|1780573241|1143499
/Users/jacklee/.codex/sessions/2026/05/10/rollout-2026-05-10T09-47-59-019e0f91-e0a1-7a21-8218-a7177f65c198.jsonl|1780573241|464180
/Users/jacklee/.codex/sessions/2026/05/10/rollout-2026-05-10T13-05-19-019e1046-8baf-79f1-8c8c-c18e83d28d93.jsonl|1780573241|558985
/Users/jacklee/.codex/sessions/2026/05/10/rollout-2026-05-10T14-42-40-019e109f-adfa-76d0-83f7-40c9e9499759.jsonl|1780573241|2117605
/Users/jacklee/.codex/sessions/2026/05/10/rollout-2026-05-10T17-48-44-019e114a-06f5-7cb0-9fce-ae453c6c3cf6.jsonl|1780573241|178766
/Users/jacklee/.codex/sessions/2026/05/10/rollout-2026-05-10T17-50-29-019e114b-9f0f-7921-84f6-fa1ae9868aa6.jsonl|1780573241|1502455
/Users/jacklee/.codex/sessions/2026/05/10/rollout-2026-05-10T18-53-04-019e1184-ebd2-7ae0-ae85-c8c064b2ee3f.jsonl|1780573241|1096344
/Users/jacklee/.codex/sessions/2026/05/10/rollout-2026-05-10T21-09-45-019e1202-1176-7bd1-90bd-2f3cacb4a94f.jsonl|1780573241|510946
/Users/jacklee/.codex/sessions/2026/05/10/rollout-2026-05-10T23-31-38-019e1283-f75f-7d70-88cf-e923c70c0fac.jsonl|1780573241|625608
/Users/jacklee/.codex/sessions/2026/05/11/rollout-2026-05-11T15-08-46-019e15dd-ef6b-7b12-bd6a-c02374530406.jsonl|1780573241|126265
/Users/jacklee/.codex/sessions/2026/05/11/rollout-2026-05-11T15-09-21-019e15de-7659-7ac3-999f-3856186f8c66.jsonl|1780573241|61254
/Users/jacklee/.codex/sessions/2026/05/11/rollout-2026-05-11T15-09-21-019e15de-76f6-7d01-bf7a-f48355d53830.jsonl|1780573241|62454
/Users/jacklee/.codex/sessions/2026/05/11/rollout-2026-05-11T15-09-21-019e15de-77de-7622-a224-e2888222702e.jsonl|1780573241|61188
/Users/jacklee/.codex/sessions/2026/05/11/rollout-2026-05-11T15-10-06-019e15df-252a-7820-90e3-b4d055a66d45.jsonl|1780573241|61284
/Users/jacklee/.codex/sessions/2026/05/11/rollout-2026-05-11T15-11-13-019e15e0-2bec-7201-afb2-a4e822bf315b.jsonl|1780573241|60887
/Users/jacklee/.codex/sessions/2026/05/11/rollout-2026-05-11T15-12-06-019e15e0-fb8b-79f2-a8c0-1d5d85d46c49.jsonl|1780573241|61210
/Users/jacklee/.codex/sessions/2026/05/11/rollout-2026-05-11T16-01-34-019e160e-4556-7c62-b2a1-9cf05f4d0b84.jsonl|1780573241|1475368
/Users/jacklee/.codex/sessions/2026/05/11/rollout-2026-05-11T21-33-53-019e173e-8316-7e32-acf1-176773ec9877.jsonl|1780573242|797213
/Users/jacklee/.codex/sessions/2026/05/11/rollout-2026-05-11T23-54-14-019e17bf-00a4-7b00-9f02-ab7f7708eb1e.jsonl|1780573242|2114842
/Users/jacklee/.codex/sessions/2026/05/12/rollout-2026-05-12T14-16-17-019e1ad4-3d70-7ff3-a9de-18cb6100487b.jsonl|1780573242|2179675
/Users/jacklee/.codex/sessions/2026/05/12/rollout-2026-05-12T16-50-02-019e1b61-019d-74f1-9614-bf0426b7bc0d.jsonl|1780573242|783366
/Users/jacklee/.codex/sessions/2026/05/13/rollout-2026-05-13T09-20-23-019e1eeb-b162-7410-a108-56975758c84e.jsonl|1780573242|174803
/Users/jacklee/.codex/sessions/2026/05/13/rollout-2026-05-13T10-28-37-019e1f2a-2a3d-70f2-b087-e9a11ce7df0e.jsonl|1780573242|9931799
/Users/jacklee/.codex/sessions/2026/05/13/rollout-2026-05-13T11-14-02-019e1f53-bcc4-7102-9e65-8d3a42d46ba7.jsonl|1780573242|1142974
/Users/jacklee/.codex/sessions/2026/05/13/rollout-2026-05-13T22-24-48-019e21b9-d92a-7193-9f34-d20615399453.jsonl|1780573242|3680344
/Users/jacklee/.codex/sessions/2026/05/14/rollout-2026-05-14T01-04-03-019e224b-a454-7972-8cbc-2e756dd79b77.jsonl|1780573242|52635
/Users/jacklee/.codex/sessions/2026/05/14/rollout-2026-05-14T01-21-49-019e225b-ea4e-70b1-a7fd-883a9e93839e.jsonl|1780573242|405032
/Users/jacklee/.codex/sessions/2026/05/14/rollout-2026-05-14T01-30-46-019e2264-1aa1-73e2-b3e4-21fc5abb08ac.jsonl|1780573242|62965
/Users/jacklee/.codex/sessions/2026/05/14/rollout-2026-05-14T11-00-51-019e246e-0759-73b1-9b39-e3958eca2434.jsonl|1780573242|3129734
/Users/jacklee/.codex/sessions/2026/05/14/rollout-2026-05-14T15-30-52-019e2565-3cba-7d13-bba4-71e19adbcf8a.jsonl|1780573242|1176174
/Users/jacklee/.codex/sessions/2026/05/14/rollout-2026-05-14T17-02-54-019e25b9-8073-7913-a095-28aaec4fabf4.jsonl|1780573242|781172
/Users/jacklee/.codex/sessions/2026/05/15/rollout-2026-05-15T11-31-44-019e29b0-ac67-75c0-89ed-56f300478d74.jsonl|1780573242|4062213
/Users/jacklee/.codex/sessions/2026/05/15/rollout-2026-05-15T17-27-58-019e2af6-cd8b-73f3-9df6-289e5d781c34.jsonl|1780573242|5142220
/Users/jacklee/.codex/sessions/2026/05/15/rollout-2026-05-15T22-01-53-019e2bf1-94c3-7f92-b5c7-10de019a1392.jsonl|1780573242|2421165
/Users/jacklee/.codex/sessions/2026/05/16/rollout-2026-05-16T18-22-14-019e304e-da0a-7c92-b2dc-1b35ccd9d15d.jsonl|1780573242|203199
/Users/jacklee/.codex/sessions/2026/05/16/rollout-2026-05-16T19-09-44-019e307a-5522-7351-b88f-6e4d656fffec.jsonl|1780573242|3040137
/Users/jacklee/.codex/sessions/2026/05/16/rollout-2026-05-16T21-37-28-019e3101-98fe-7b72-96b9-ff44907d85a1.jsonl|1780573242|1861927
/Users/jacklee/.codex/sessions/2026/05/16/rollout-2026-05-16T22-56-44-019e314a-2858-7f31-9ef9-e71f876bd5dd.jsonl|1780573242|939879
/Users/jacklee/.codex/sessions/2026/05/16/rollout-2026-05-16T23-23-30-019e3162-a977-79e3-ae1d-43af0df8323f.jsonl|1780573242|1330506
/Users/jacklee/.codex/sessions/2026/05/17/rollout-2026-05-17T11-11-06-019e33ea-7f11-72d2-8410-a38fdfd83533.jsonl|1780573242|2045736
/Users/jacklee/.codex/sessions/2026/05/17/rollout-2026-05-17T12-13-24-019e3423-8793-7a61-abee-141e92b9222b.jsonl|1780573242|2482070
/Users/jacklee/.codex/sessions/2026/05/17/rollout-2026-05-17T12-56-02-019e344a-8fb7-7fc3-af5d-e7c5b185d516.jsonl|1780573242|5973944
/Users/jacklee/.codex/sessions/2026/05/17/rollout-2026-05-17T13-22-57-019e3463-34ed-7d12-a8d7-6b316500f50a.jsonl|1780573242|82515
/Users/jacklee/.codex/sessions/2026/05/17/rollout-2026-05-17T17-34-35-019e3549-96e3-71f0-ab60-b8cf4b6021f0.jsonl|1780573242|5107149
/Users/jacklee/.codex/sessions/2026/05/17/rollout-2026-05-17T21-36-35-019e3627-2612-70f1-a8d6-c29e1c5be70d.jsonl|1780573242|295271
/Users/jacklee/.codex/sessions/2026/05/17/rollout-2026-05-17T21-53-00-019e3636-2aec-7592-a6ef-bde269c57538.jsonl|1780573242|4767801
/Users/jacklee/.codex/sessions/2026/05/17/rollout-2026-05-17T23-34-54-019e3693-78a5-7f10-866f-39fc08a00d2f.jsonl|1780573242|1218947
/Users/jacklee/.codex/sessions/2026/05/18/rollout-2026-05-18T10-55-57-019e3902-fd2b-72d2-87eb-ee146c8c37b5.jsonl|1780573242|8108162
/Users/jacklee/.codex/sessions/2026/05/18/rollout-2026-05-18T17-44-37-019e3a79-2332-7302-955c-c09a03c5b8cc.jsonl|1780573242|3220055
/Users/jacklee/.codex/sessions/2026/05/18/rollout-2026-05-18T18-14-28-019e3a94-7490-76f1-97ef-77212f31071f.jsonl|1780573242|3034238
/Users/jacklee/.codex/sessions/2026/05/18/rollout-2026-05-18T18-32-17-019e3aa4-c50c-7ec1-a4c9-d9c5b776bfc4.jsonl|1780573242|872153
/Users/jacklee/.codex/sessions/2026/05/18/rollout-2026-05-18T18-44-45-019e3ab0-2e10-7960-9544-2bbd4ea5d4fe.jsonl|1780573242|3922103
/Users/jacklee/.codex/sessions/2026/05/18/rollout-2026-05-18T23-57-35-019e3bce-96c6-7900-a99f-86a31649051f.jsonl|1780573242|4785991
/Users/jacklee/.codex/sessions/2026/05/19/rollout-2026-05-19T10-08-53-019e3dfe-4189-7972-adca-c5df8ba5cd34.jsonl|1780573242|1356792
/Users/jacklee/.codex/sessions/2026/05/19/rollout-2026-05-19T12-44-24-019e3e8c-a0c4-7563-a2c3-e7f54d16c41c.jsonl|1780573242|1534459
/Users/jacklee/.codex/sessions/2026/05/19/rollout-2026-05-19T16-30-21-019e3f5b-7f7d-7bf1-a59e-5a8f6ba9ff9d.jsonl|1780573242|2142589
/Users/jacklee/.codex/sessions/2026/05/19/rollout-2026-05-19T21-03-24-019e4055-7bc4-7230-aeec-10a89f4d1f88.jsonl|1780573242|117062
/Users/jacklee/.codex/sessions/2026/05/19/rollout-2026-05-19T22-25-22-019e40a0-8671-7ef2-9adc-d74d08dbb238.jsonl|1780573242|8867252
/Users/jacklee/.codex/sessions/2026/05/20/rollout-2026-05-20T09-52-33-019e4315-a9f0-7ed1-9ec7-9a97570a983f.jsonl|1780573242|3237283
/Users/jacklee/.codex/sessions/2026/05/20/rollout-2026-05-20T11-10-48-019e435d-4c4a-7c02-86b7-295e4ebd3ca0.jsonl|1780573242|1911762
/Users/jacklee/.codex/sessions/2026/05/20/rollout-2026-05-20T12-41-22-019e43b0-362e-79f0-86bf-a508c4c60bf0.jsonl|1780573242|245263
/Users/jacklee/.codex/sessions/2026/05/20/rollout-2026-05-20T14-30-00-019e4413-aace-7de3-892d-07561e96778f.jsonl|1780573242|3777474
/Users/jacklee/.codex/sessions/2026/05/20/rollout-2026-05-20T19-53-10-019e453b-88cc-7470-bd7c-7900ff9dc83c.jsonl|1780573242|3384109
/Users/jacklee/.codex/sessions/2026/05/21/rollout-2026-05-21T01-49-39-019e4681-e9f9-7a92-a3be-d36527b6c208.jsonl|1780573242|3214759
/Users/jacklee/.codex/sessions/2026/05/21/rollout-2026-05-21T12-44-24-019e48d9-58ff-7c72-affd-6759f39010f2.jsonl|1780573242|2251054
/Users/jacklee/.codex/sessions/2026/05/21/rollout-2026-05-21T21-10-49-019e4aa8-fe81-7881-9d1b-4024b5ea1743.jsonl|1780573242|4614653
/Users/jacklee/.codex/sessions/2026/05/21/rollout-2026-05-21T23-54-22-019e4b3e-ba69-71e2-8bbc-b52c6c5f2240.jsonl|1780573242|2498226
/Users/jacklee/.codex/sessions/2026/05/22/rollout-2026-05-22T13-14-15-019e4e1b-08be-7893-acb2-bd95e35e2cc1.jsonl|1780573242|2293278
/Users/jacklee/.codex/sessions/2026/05/22/rollout-2026-05-22T14-12-12-019e4e50-1730-7312-8bec-6cd2337b9134.jsonl|1780573242|214000
/Users/jacklee/.codex/sessions/2026/05/22/rollout-2026-05-22T16-24-11-019e4ec8-efbd-7402-95c4-2f3fdecb7c0d.jsonl|1780573242|155656
/Users/jacklee/.codex/sessions/2026/05/22/rollout-2026-05-22T16-38-31-019e4ed6-0e64-73a2-8a8e-9845d6873ef9.jsonl|1780573242|97066
/Users/jacklee/.codex/sessions/2026/05/22/rollout-2026-05-22T16-42-23-019e4ed9-96e7-7d01-b15d-7daa82c3a5d4.jsonl|1780573242|136588
/Users/jacklee/.codex/sessions/2026/05/23/rollout-2026-05-23T10-23-45-019e52a5-4ee7-77f3-a5ef-d6e9e3f8fc2a.jsonl|1780573242|200493
/Users/jacklee/.codex/sessions/2026/05/23/rollout-2026-05-23T13-09-28-019e533d-039b-7c43-bfab-e7851f7e5de7.jsonl|1780573242|205445
/Users/jacklee/.codex/sessions/2026/05/23/rollout-2026-05-23T16-29-14-019e53f3-ea90-7893-8e5a-2c634f337621.jsonl|1780573242|633559
/Users/jacklee/.codex/sessions/2026/05/24/rollout-2026-05-24T14-45-18-019e58bb-1e27-7631-9135-8221c71c5ddf.jsonl|1780573242|2265765
/Users/jacklee/.codex/sessions/2026/05/24/rollout-2026-05-24T15-40-00-019e58ed-3332-7531-b109-61718f609bbd.jsonl|1780573242|2502524
/Users/jacklee/.codex/sessions/2026/05/24/rollout-2026-05-24T18-05-26-019e5972-59cd-7530-a6a5-ed0e90b14c16.jsonl|1780573242|4942906
/Users/jacklee/.codex/sessions/2026/05/24/rollout-2026-05-24T21-18-26-019e5a23-0ad5-7833-8525-483c81197c7e.jsonl|1780573242|1467597
/Users/jacklee/.codex/sessions/2026/05/25/rollout-2026-05-25T00-07-53-019e5abe-2e12-71f1-80ae-59cfb374f00b.jsonl|1780573242|5739606
/Users/jacklee/.codex/sessions/2026/05/25/rollout-2026-05-25T16-28-10-019e5e3f-a57a-7de3-be21-7587ef896c34.jsonl|1780573242|5833751
/Users/jacklee/.codex/sessions/2026/05/25/rollout-2026-05-25T20-05-06-019e5f06-44b4-7181-b9c1-0d20c52fbb84.jsonl|1780573242|1700697
/Users/jacklee/.codex/sessions/2026/05/25/rollout-2026-05-25T22-24-03-019e5f85-7910-7153-8246-b3e06cf0b951.jsonl|1780573242|3402526
/Users/jacklee/.codex/sessions/2026/05/25/rollout-2026-05-25T23-40-42-019e5fcb-a635-7480-a4da-fb1ead8e50a7.jsonl|1780573242|3600487
/Users/jacklee/.codex/sessions/2026/05/31/rollout-2026-05-31T20-37-28-019e7e0a-0be1-76f1-85cd-73e2fb715fac.jsonl|1780573242|2201030
/Users/jacklee/.codex/sessions/2026/06/01/rollout-2026-06-01T10-55-40-019e811b-c277-7e52-b824-2c49916e23ab.jsonl|1780573242|6472189
/Users/jacklee/.codex/sessions/2026/06/01/rollout-2026-06-01T17-02-53-019e826b-f380-7721-ae28-182cd3dbf607.jsonl|1780573242|177619
/Users/jacklee/.codex/sessions/2026/06/01/rollout-2026-06-01T21-06-33-019e834b-09c1-7b60-918d-f83a10291216.jsonl|1780573242|2026885
/Users/jacklee/.codex/sessions/2026/06/01/rollout-2026-06-01T21-09-58-019e834e-2b31-77d2-a6d8-0240145a9276.jsonl|1780573242|3114933
/Users/jacklee/.codex/sessions/2026/06/04/rollout-2026-06-04T16-12-06-019e91b0-887b-7fd2-9e00-9367259a5fc4.jsonl|1780573242|8995914
/Users/jacklee/.codex/sessions/2026/06/04/rollout-2026-06-04T18-07-28-019e921a-28d4-7b73-be53-642f48fadfec.jsonl|1780573242|1761343
/Users/jacklee/.codex/sessions/2026/06/04/rollout-2026-06-04T19-20-12-019e925c-bfb0-7270-a30e-3833bf1c9126.jsonl|1781262498|24090791
/Users/jacklee/.codex/sessions/2026/06/04/rollout-2026-06-04T19-32-16-019e9267-cdb1-7cb3-80a7-c4531afe894d.jsonl|1780572824|150365
/Users/jacklee/.codex/sessions/2026/06/04/rollout-2026-06-04T19-39-22-019e926e-4b48-7982-8469-7c91d2c9d00e.jsonl|1780573183|116456
/Users/jacklee/.codex/sessions/2026/06/10/rollout-2026-06-10T17-53-02-019eb0f3-183a-7be1-bdf2-7588080b7058.jsonl|1781085230|939085
/Users/jacklee/.codex/sessions/2026/06/12/rollout-2026-06-12T17-51-02-019ebb3d-fd70-7b11-bca8-14689edbcbe1.jsonl|1781277548|157631
/Users/jacklee/.codex/sessions/2026/06/12/rollout-2026-06-12T19-30-01-019ebb98-9db2-7f80-9e05-616e37ea6eb9.jsonl|1781267635|26741817
/Users/jacklee/.codex/sessions/2026/06/12/rollout-2026-06-12T20-35-36-019ebbd4-a7dc-73f2-aa40-69aa992d2e0d.jsonl|1781330437|8720509
/Users/jacklee/.codex/sessions/2026/06/13/rollout-2026-06-13T13-04-02-019ebf5d-984e-7a31-84dd-ac13f5eefbb2.jsonl|1781327047|66608
/Users/jacklee/.codex/sessions/2026/06/13/rollout-2026-06-13T13-06-32-019ebf5f-e1ea-7290-a797-3993416fb724.jsonl|1781327228|65610
/Users/jacklee/.codex/sessions/2026/06/13/rollout-2026-06-13T13-09-15-019ebf62-5de4-7873-985d-24f47670a02e.jsonl|1781327387|65610
/Users/jacklee/.codex/sessions/2026/06/13/rollout-2026-06-13T13-18-15-019ebf6a-9ad1-7eb0-aae0-7608cf69ffa9.jsonl|1781327926|65604
/Users/jacklee/.codex/sessions/2026/06/13/rollout-2026-06-13T13-33-19-019ebf78-6675-74f2-8c4a-1f2f92a21cda.jsonl|1781340337|147027
/Users/jacklee/.codex/sessions/2026/06/13/rollout-2026-06-13T16-03-04-019ec001-8078-7f30-9ddb-e8af225801a2.jsonl|1781339962|10835027
/Users/jacklee/.codex/sessions/2026/06/13/rollout-2026-06-13T16-39-51-019ec023-2ee6-74a1-adbf-160026e45bd9.jsonl|1781345401|11705916
/Users/jacklee/.codex/sessions/2026/06/13/rollout-2026-06-13T18-10-25-019ec076-1920-7652-a219-f7e1f64aebb8.jsonl|1781349877|1802550
